8b03f254-fefc-4384-aae9-603e5d722f26	0	AB003459.1.1439
364759eb-9876-4c01-8498-aee3f0ce384f	0	JN662340.1.1364
aa6d71de-0d22-43d0-99c8-97102940c31f	0	MF363155.1.1496
5dff10f6-53c5-4f98-bcf1-09d4f15e4b79	0	MF446616.1.1479
4fe60edb-89c6-446c-a3c5-add5271a151c	0	KY660606.1.1467
343876b3-5786-4bb3-96d1-2369feee2b0a	0	KJ767319.1.1518
bfd800e3-4cf5-4201-bab6-7779aef68c12	0	KJ794153.1.1504
85421aaf-75e1-4fcb-a85b-e958eb102c81	0	AJ315061.1.1503
145f9ada-3f52-482a-9921-34144d7feaa2	2048	HG799948.1.1681
702b5c8d-a8e4-4ce6-8d37-cf151abc7344	0	AY234546.1.1396
dde1bf1b-5955-4699-8009-5ea1f5921684	0	JQ690275.1.1425
1d509fd1-427b-4daa-8bb2-d2af2da9f993	0	AY234495.1.1429
1a6ceaea-0f67-4c99-a1f7-3a1e87cb5fb0	0	KC921192.1.1320
d79d36dc-5e2f-43d1-96be-802f78635e49	0	AY234675.1.1454
c22d53b6-7b82-4b51-8a4f-ad12286b691a	0	AY234675.1.1454
f2ebdd9f-851f-45f8-929d-45328b1ab2dc	0	AB034711.1.1472
dfc5c402-e739-4918-b0c3-5d5cc91a4867	0	AY234641.1.1414
4d251af4-b9c9-468f-8273-d83ea0bb3db5	0	EU420075.1.1440
d4009c7f-69a0-4edb-aed5-4fe894099af5	0	FJ405885.1.1505
fb3fcb21-49c8-4c16-ba39-825045c0b3e3	0	EU571146.1.1510
eb9cbd1a-6d41-4ddf-b52a-4e88a504fbed	0	FJ405887.1.1482
ae65bd31-ec16-4590-ad34-d07ad7df82c7	0	JQ349504.1.1470
f76f065d-4d7f-491e-b9a8-ab9960c0017f	0	JQ617901.1.1492
1380fe51-bf82-4d0a-875d-62c01a4bc7a4	0	KM007102.1.1463
f10a9324-7f7e-4d50-be05-75c1187a35e3	0	JX949543.1.1400
44a6de75-8e38-44e0-b872-11187a4976ce	0	EU570501.1.1445
0a31e6be-28f1-447a-874c-4feda168cb4b	0	AB179498.1.1447
db638d25-5571-4585-986c-105a5b740d30	0	KU360133.1.1407
34754fee-13c8-4c88-bfa7-95dd68e2058f	0	KU360133.1.1407
9d3371f9-e205-449b-bc9a-6e897a7d46e2	0	AJ345020.1.1513
fd60aa89-d9ab-4871-a5b2-9af1633d4e28	0	AY221490.1.1379
2d6fdf78-6582-4617-a352-1d200eb29b10	0	FJ613603.1.1526
0b2a8efd-a7d6-46b4-b5d3-edf6307928c8	0	KY939567.1.1451
f98319fb-3fbd-4f01-832a-4728c90df3fa	0	AB179519.1.1505
1116e483-8463-4bde-92ed-2bd21e8dc78f	0	KC921176.1.1320
4497b475-0ecd-484b-899a-316ff7d73cb6	0	AB088364.1.1510
2cd8d7e1-ed07-4e6e-84b7-2b43f2dedfeb	0	AB240240.1.1512
7ef61e20-52c5-4c05-a65c-250beb3a53ed	0	AB240240.1.1512
642f7451-8d07-40ab-92e4-c0ec837820ec	0	AB240240.1.1512
faf8a0f8-9b64-4437-ba7b-daee284c1e0d	0	AY234497.1.1394
7836ab6e-5fce-44c1-b97a-c27e1ac7cc3d	0	LN812815.1.1454
69c13c61-010d-4b18-8e3d-aaf5b3e22cfd	0	LN812815.1.1454
28b9bcf0-4245-4f20-bdfe-2bf34cf07387	0	EU888513.1.1318
bdfbb167-0371-4afc-af71-ac25d4c0abf8	0	AY234523.1.1402
fd928dc5-97c9-4cbf-863a-dd0250baf658	0	AY234523.1.1402
5f29d032-eaa4-4862-b0fb-2a284a865084	0	AY234523.1.1402
95e14f9f-34e6-43b0-bc63-d82f1aa9e383	0	JQ342232.1.1514
f746f4a8-6149-4d19-89ef-209da969febf	0	KF114433.1.1544
277e3266-2f9c-4b17-bca4-081ae59d4aac	0	AB252931.1.1448
1251bccb-4436-41a7-b875-15047854600c	0	EF165014.1.1557
c907ea9a-ccfc-407f-9ac9-11705d215d45	0	EF165014.1.1557
93cfc4bc-276b-4828-a6ab-9480b372121f	0	KJ955376.1.1517
5742373f-d184-4c89-a4e9-3ae43ad94fdb	0	JQ342903.1.1385
85da0775-ad1a-45d6-8711-0e5cde3a3cd8	0	EU558285.1.1514
bf3a9c73-0993-4255-8240-61366a8c4f45	0	JQ396529.1.1497
881a73a7-ce08-4c76-bfa9-389a941be361	0	AB286618.1.1472
c31ed4a3-29d1-48c5-87b4-6d7830d9cf00	0	JQ433934.1.1471
f9974dca-b945-4f96-8165-fdae88ced39d	0	AJ865855.1.1364
b2cf919c-48d0-496a-890f-6e33825dae4d	0	FR865886.1.1462
e4d45641-b8da-4d2b-90a3-8c70b4c77a02	0	FR865886.1.1462
dc82047a-6185-46c8-b4d2-53c0c065d9e7	0	EF114680.1.1494
548f85df-ee89-46c8-9cd6-d67d5a545c46	0	EF114680.1.1494
a0dc4ca4-00f3-47e4-b143-8a616d015f07	0	KF150354.1.1513
b154b700-efb3-4541-b66e-5b9fa177385c	0	AB378592.1.1486
383f81f3-3a95-48c9-a8da-34cbe65a4d12	0	AB364708.1.1402
8cb6bda2-5517-4861-ab48-1e36a55e5d2f	0	KF150466.1.1539
1d1c5e0b-ccbc-4ff9-8f29-7477f449e7ec	0	KF150334.1.1527
d2182a81-358c-4522-b2dc-9d4df61d7dbc	0	AB107894.1.1484
b164701d-df8e-4412-96f7-cf972f2e5068	0	GQ889438.1.1400
0bbbe6bf-3328-44c7-bc90-56ee40e80db1	0	KF114656.1.1469
f21695a4-d50c-48d6-a9c0-d083a8f82389	0	FM211700.1.1467
f9f76bca-87ee-4511-9dc7-4ed4876fe55c	0	AB240258.1.1489
3956e90e-69f4-4b3b-a092-336adbd14458	0	AB240258.1.1489
02b5601e-2a4f-4ade-aaee-a2d23a79e879	0	AB240258.1.1489
310f7b71-b39a-4ca1-8df3-7a5ebc909d7a	0	AB240258.1.1489
b9ccc217-609b-4cd6-b504-bc217752b6ff	0	AB240258.1.1489
d4fa9edb-7434-4801-9d99-5c0704896685	0	AB240258.1.1489
bb30c117-7a6b-44ed-8c05-3d64f2b40216	0	AB240258.1.1489
b4b1bb80-ac7a-4234-9bb4-401302d62a8a	0	AB240258.1.1489
5abad736-9710-4d45-9caa-d6845c8c18de	0	AB240258.1.1489
ac3ee34b-60a5-45d6-bcfb-bbee04b2386a	0	AB240258.1.1489
5f4930a0-4513-4e18-9f69-d69a65dfa2ff	0	KC153130.1.1515
c0df38b6-9499-46f7-82bb-7472550820a7	0	AB240251.1.1497
b71d3de6-cc2c-45b7-96dd-eaf53ee58c5d	0	AY329630.1.1410
e12b3a59-dbaa-4475-9748-37a6f233a9ae	0	LN913075.1.1410
c7a8af30-dd29-424f-bb8e-0431d4051164	0	MG214558.1.1507
d99820e8-7901-4691-a0dc-3872e8159605	0	AM411932.1.1430
5b0aaedb-517d-44cf-9af3-3b34ada370af	0	AM411932.1.1430
81604414-0c42-4f57-b508-1e77d5837cee	0	AM411932.1.1430
d812e879-eeef-40c1-8d7f-cd27898d98f7	0	GQ889442.1.1398
718d60ab-5395-4a07-b8a6-35cb71d20329	0	KC236477.1.1472
654e2072-990e-4054-972a-e962af0ad997	0	KX881378.1.1509
ca4585ca-e843-4f98-b42d-4a6059826414	0	KX881378.1.1509
bf547e3a-6191-4112-98d2-39b21386a0b1	0	EF474078.1.1518
52b17cb4-9b25-46ec-8586-298e48aa92b2	0	JQ838014.1.1478
7a4c773e-9a9f-491a-94a6-136948c9bd0a	0	JQ838014.1.1478
b110ae86-9d9f-4fff-bea3-47ffccae1c90	0	GQ423054.1.1464
d1cb9bbc-4986-43e0-8369-261a21a5f0fc	0	KP250830.1.1428
7552bb52-29a1-4079-821d-ced9189c5234	0	FJ976043.1.1423
3a2e74a6-89d6-4b8c-9fad-5a2e64517be6	0	AB486649.1.1358
05709b94-0317-490f-b096-659f0d1ec1fe	0	KX926540.1.1443
bb2714d4-4bfa-40e7-a79b-96eff143e86f	0	AB487309.1.1378
bd53f225-bb82-4e03-8078-b5ebd0834ca6	0	AB487309.1.1378
e547a60b-54a0-4e16-ae97-29c9cf65e3e1	0	AB487309.1.1378
5f98c393-d84a-4d23-bafe-3d3eee819ac6	0	AB487309.1.1378
797d948d-a9f1-48e1-93f2-feec4bea9a7c	0	AB487309.1.1378
36ac972a-64cc-4751-b1d5-ebb880302cad	0	JQ837840.1.1455
9886a863-dafe-47d3-8cd0-13e448ce677c	0	KF150415.1.1511
9740b7b5-fd88-4499-a752-6b4d9895f097	0	GQ369128.1.1447
ed1912cf-2014-4968-836a-998edda55687	0	AB486677.1.1373
09f42581-1bd5-45ad-a91d-1ee3bc75399a	0	AB486677.1.1373
d0bbe319-4e5b-432b-a1af-6127e0e2afac	0	AB486677.1.1373
a39df0f2-899a-480a-b7e5-65068e0a9c37	0	AB486677.1.1373
7eda2d26-f8ef-452d-9773-b7ea13af5a02	0	AB487019.1.1396
e3fccfd7-7ec9-4c7e-b77a-f413c4ef9ae3	0	KP231287.1.1431
d6bdd84e-b649-4042-8a37-d354235597bb	0	FN386764.1.1442
c96adc29-4b39-4a55-b311-c80d8e368a3b	0	HM233990.1.1515
bf2d9d94-9481-4efc-9f07-f33ca6c6d759	0	KT153609.1.1404
789484df-22f6-4483-9759-35b796bde741	0	KC481236.1.1398
4528746f-7a23-4602-9de2-f694c1163784	0	AB682366.1.1454
33ee1b17-9990-4b66-afa8-7b0091a75062	0	AB682366.1.1454
d8782746-e399-4f79-9aac-82e38e2c876e	0	AB682366.1.1454
834bfcf4-2e80-4732-bcc6-179bc0346138	0	KF917150.1.1493
f32acd19-9a1f-4597-bc06-9927c54b2d77	0	MG818299.1.1412
924f8eb2-dc03-4578-8fc9-9f4d1bb5b336	0	KP670244.1.1502
d30c601c-4e97-4663-ab9b-6bce2ab752d1	0	KP663607.1.1430
282376c8-50cf-466a-bd1a-a756f0e17d5c	0	KX943553.1.1420
b2ef37fe-b173-46af-b4da-1df83082c4c7	0	AB245338.1.1466
0a90c8f4-9410-4568-8094-bd431f70988e	0	KY176923.1.1482
2de84217-611f-48d9-b91a-a59e52876d02	0	AB486616.1.1363
c891d6d5-8027-4f8e-a927-ba896d456615	0	AB487113.1.1358
eea4dadd-4000-4495-a8fb-cb7d819705bf	0	FJ790607.1.1347
34d48e27-3b59-4234-a50a-144a322b37f0	0	HK695077.2.1534
f3275d98-bed1-42c4-84c5-698f565e8f74	0	KY176925.1.1503
5a2f162a-dbb5-48e7-b9aa-862c66be40ce	0	EU221388.1.1506
f26f951c-8c84-4b0a-95f0-2481f5e2900e	0	JX011000.1.1512
03ff4fd2-da4f-481d-a061-1bcafaafce47	0	KC854989.1.1469
4ecb2d98-c7f7-40c4-9a6d-dfec5b311285	0	AB696873.1.1386
8cffc622-2020-4fa1-82dc-7f4bbd20e1a0	0	AB488181.1.1361
c77c7af5-faa6-493d-b0bb-8c24d561d8fd	0	AB488181.1.1361
e60fdca2-83bc-47e9-ac15-7dbedbdec86f	0	HM748695.1.1420
49c0085d-22a6-4950-9eb5-303889e44b26	0	KF289905.1.1471
2641ca04-601b-4b97-b05f-fb254266ea72	0	KF289905.1.1471
b92ffa7d-7904-4730-b6ac-a9e2da4e66c7	0	KJ540688.2.1404
6268abc3-8d4e-4530-8cdc-8abf76d046a8	0	KJ540681.1.1449
3388bd09-e71f-4ec0-8059-b1277b289180	0	KJ540681.1.1449
385d931a-8ec0-4cd2-84b5-4daa7e5383d4	0	AB362824.1.1519
6d9d47a8-5fe5-4a5a-9dfb-82b9fea9ff10	0	AB362824.1.1519
1f9eddc3-ba8a-42de-9be2-6e290e17ffa5	0	FJ822640.1.1363
4d3798cf-10dd-475a-94ff-59f27180707c	0	KY323329.1.1525
e6211c47-516f-4f5a-a6f7-5ade29578d42	0	KF475838.1.1480
8c2ded60-8495-4607-81ce-29a281ef5537	0	KP670287.1.1521
555f5317-d417-4e91-9c38-9cca9a15aeb6	0	JX458434.1.1544
8730878a-a57b-480e-83bc-738e7bbb94e0	0	JX458434.1.1544
caaf9698-6a5f-48a1-bede-9f708782c63e	0	JX458434.1.1544
eebe36ca-cbc8-4c20-ac2a-e26079c07126	0	AB716944.1.1495
ef7a6f9d-5fba-4a55-a5dc-d12ba812ba5c	0	KP025677.1.1427
f5e8be9e-9368-49e3-8f18-492785b078f6	0	KJ540633.1.1436
017017d7-a999-4519-80d9-d69171d44ec3	0	KF595153.1.1468
e21a1fd2-d90a-4b63-801f-d4761cf17065	0	AB542369.1.1463
3f9285c2-e36d-40e2-8d03-9ecd60624261	0	AB542369.1.1463
8a2bcfe2-db22-4273-9a89-53eceb03a82b	0	KY122000.1.1489
3800aab0-74ae-4809-90db-a045bf90ab32	0	KY176943.1.1520
87ee2afc-8766-488f-b9b7-004d707db393	0	KY176943.1.1520
48ec4dc8-d0bd-427a-8ad2-45b44792e560	0	KY176943.1.1520
b0d23027-41b3-4171-b14f-174ab6e106d2	0	KY176943.1.1520
f25f4dbd-2851-4b65-bcec-ff66831e0ecc	0	KY176943.1.1520
76bb758f-394d-4a0e-b1fa-ef4c3f92fed3	0	KY176943.1.1520
fffcb1c1-6500-4758-9457-3441d6f171a0	0	KY176943.1.1520
8872f309-7fd9-4644-abaf-259a804ff7a4	0	KY176943.1.1520
f8a21c80-1a11-4ecb-98be-7d5c5ec879de	0	KY176943.1.1520
54f640bd-b412-41fb-b2c4-2ce51eb9591d	0	KY176943.1.1520
dd694438-9593-4cad-99b2-80f31246f832	0	KY176943.1.1520
6fc2d9bd-a04d-4d39-aee7-114da3a0d803	0	KY176943.1.1520
8efcd057-d80e-4213-9b9e-bbe7041d1c8a	0	KY176943.1.1520
6748cc26-269d-4071-ad1e-544a8711f5ba	0	KY176943.1.1520
b476a88f-8b1f-4a9d-b6d6-8e37cdcc4d77	0	KY176943.1.1520
bf117a00-04e5-4320-966e-98e0bcb97700	0	KY176943.1.1520
72e549be-c6f4-4443-90fc-c433a8f9a800	0	KY176943.1.1520
b87a18c6-0b7c-4f83-b3a7-76ee0a01555c	0	KY176943.1.1520
acea2250-2489-448b-96c5-207bef25d0dc	0	KY176943.1.1520
48a4bb12-8de4-4d9d-b2e5-e3e2ef69bc05	0	KY176943.1.1520
5f8097db-738f-4ed2-a6de-393de6aed767	0	KY176943.1.1520
c7696ef3-3b20-480a-8f84-99608d7d29e1	0	KY176943.1.1520
d51c1658-faa1-4d3f-9eb8-bff449ddf783	0	KY176943.1.1520
f74217b5-3eb2-4c7e-98b8-5fd13ff4099c	0	KY176943.1.1520
919e54fe-04cc-401d-a0bf-cdaab5a24d7c	0	KY176943.1.1520
9b6e938d-10a5-490f-8f7f-f9ec75f1b6c9	0	KY176943.1.1520
25b7f537-4376-4b24-932d-f0bf79f025a9	0	KY176943.1.1520
85a90d02-eb9e-44ac-8813-1258559ca808	0	KY176943.1.1520
4f02c962-19d9-4666-b6bf-33776ba5b729	0	KY176943.1.1520
97b1f2fd-a7f9-4c51-810c-b0a5657fff29	0	KY176943.1.1520
c8878262-5011-4e9f-b508-fe470bf3dbbc	0	KY176943.1.1520
483e3bd4-097a-4517-a3a3-8311d26acce1	0	KY176943.1.1520
9695e6b2-b2f4-4ac3-b4da-9020d747b8d3	0	KY176943.1.1520
220e98ab-0dc5-4a73-a169-8c7e9faa1f9b	0	KY445623.1.1488
2ff31fbc-4c1f-469a-a9b8-ae1258fc0c77	0	KY445623.1.1488
d1fcc009-f590-4996-bcbb-664019365e07	0	JX629454.1.1525
6d8f76ac-2cf3-45b5-9909-ebb9316dfe80	0	AB738795.1.1501
db5527b9-0f88-4381-8eea-90e6c5f434ce	0	AB546286.1.1473
d2735bb2-0e4d-4799-b6f7-c17d54444c26	0	KY292428.1.1472
9b739ff8-dfc2-473c-9fed-af0ed5f49fff	0	KF673492.1.1514
4caa6879-8a18-457e-a147-82f00940b01a	0	KJ540845.1.1483
90faacab-fc44-41d7-ac43-79c2f12f0133	0	JF905619.1.1447
25cea508-e630-401b-82c7-09b6b44a448f	0	KF479528.1.1511
a1929855-3d28-4e35-beda-cdbc6656cf00	0	AY673166.1.1459
e3bf1597-4946-4cc4-bde5-9750ad24e99e	0	AB769178.1.1402
d9ba6a90-2218-4c3c-9c75-287d0fc339f0	0	KT861785.1.1513
5b6614ac-81e9-4dba-9215-54788ff619ca	0	KJ606802.1.1354
40f6a285-cbd3-410c-a330-3d8d32938216	0	FJ889345.1.1493
37f6d889-4eef-4fe1-9f70-088624e12dae	0	KT984876.1.1523
276ab187-6c99-4a17-8ec8-dc1a939a7042	0	KT984876.1.1523
244e7303-f205-4ba6-84d2-01145d472c58	0	KT984876.1.1523
2d47c432-fd9e-45e6-a4dc-cb6663ff5914	0	AY635873.1.1503
94fd830d-d9c7-4efa-b7b8-f2dfb72687c5	0	FJ889343.1.1495
6520fc6c-c511-4458-9260-3facfed33565	0	AB637183.1.1509
857fa8c3-8531-429c-b94a-9db3fa8c043b	0	HZ486632.1.1480
91bc6048-e7bb-4cf6-aed4-493f0e5cd199	0	AB637271.1.1501
ac2c9218-57d2-4d93-bb33-cd6b2db59655	0	KC121329.1.1488
d2f75ad5-5af8-486a-8e1b-4dd866a66faa	0	MH094645.1.1402
47a24fb6-627b-4dd1-a146-81e21f812427	0	KC172358.1.1503
71a4843c-783c-429d-b204-0ddbd5ac8ac9	0	KH494659.2.1534
fb395b5c-497b-49f3-843a-886c551c1091	0	AB745450.1.1523
7eb76f72-2723-4314-9d37-227fc75286c7	0	AB745450.1.1523
104c3e31-7123-46b9-816e-04caf7d9bd16	0	AB745450.1.1523
5a5c4c29-8c2b-49b3-af27-141dd8aaf0ae	0	AB745450.1.1523
ae236786-6238-4f7c-a5a3-41a20be7e702	0	AB745450.1.1523
684f52d2-5f2d-4b6f-959f-3128560bc505	0	AB681785.1.1491
c0bd109d-41dd-4dec-96d7-becd8283c2df	0	AB630642.1.1424
ac37fdfc-e6e0-4d90-bd35-776d3aefd920	0	MH158286.1.1484
a348d4f2-d4b7-47c8-85be-1fb228a79e3e	0	LT629750.4305145.4306635
7a962f7b-ede0-4afa-8ef6-011fce37cf9d	0	KT950747.1.1409
041d539a-cef4-4670-a1b1-068929a8b9c0	0	AB637243.1.1510
bc769ff6-b094-41f7-8310-e8da2b11dda7	0	KU094072.1.1461
70d715db-89d4-4263-9596-a4c2aa757bce	0	KJ650771.1.1482
ad258c5e-c887-4f64-a0bb-d72440c33cda	0	KJ650771.1.1482
ad33b583-8094-4ecd-9f48-7d935e4346ad	0	KJ650771.1.1482
9a38c7a0-f29a-480b-8f7d-a3aaffc4ebfb	0	KJ650771.1.1482
d5df22a4-a4e1-4555-9c9d-1f5d9b28bf60	0	LF651643.1.1489
f7b4b9d9-2625-4c30-aff3-c02090c14bf7	0	HQ119173.1.1519
c61fd4a9-d254-4700-8d7b-7736fc2e51a9	0	LG103644.1.1493
06933290-6cf2-4fea-aa25-6f15e0d981f3	0	KJ734894.1.1514
fb50ef38-e563-4f10-8b94-0ce1ebefe13b	0	KC172247.1.1497
b6bcd621-af5c-4116-a3d3-bcf11681cc89	0	KC172208.1.1498
918f311e-5c01-4924-8054-0e3e151041eb	0	KC172202.1.1491
4ce048b6-80b1-4634-8c2b-e4cedfa6b881	0	LN567707.1.1355
6651f604-ea57-426a-993f-3925e30887ba	0	HQ120956.1.1467
56966dbb-717d-408e-a746-1e44da858798	0	KC172199.1.1464
ebb0ec4f-ec26-4cc6-87f1-138e37c45196	0	AB672155.1.1477
3fe1045a-6eb9-4d89-b817-0095c8358a5f	0	KJ693788.621.2129
e2d6576e-bd3e-460f-873c-d495517e05d4	0	AY903276.1.1485
21ca9828-30c6-4238-96f0-5e59853f95df	0	MH445067.1.1496
5b72b646-caab-45f9-abdc-7ef06f4ce0ee	0	HQ114154.1.1516
d7fff4e8-33d2-4492-b0fc-8f14686c21fd	0	HQ114154.1.1516
d9708046-c5c7-4be8-a809-e48958f34b04	0	HQ118650.1.1503
481ae03a-aceb-4b97-81f5-fd4a681294e3	0	HQ119087.1.1524
717eb53f-9d83-4b1a-a19a-0f6ddb370e1c	0	AB696112.1.1451
f128543c-bc75-420e-bb91-3a2448ac352e	0	AB968093.1.1492
46c70583-3e2c-49c9-992f-087df063c974	0	HQ119138.1.1499
fcf8eeb4-b3be-46dc-a744-ad41700267a4	0	LN572199.1.1324
4cd3a30a-9333-4754-b256-81f2a2c0e903	0	LN572199.1.1324
1a5173b1-1ae0-4491-b57d-bdc1853e0de7	0	MH444991.1.1440
6a568c5a-5243-463c-85a8-595730737229	0	MH444991.1.1440
143e20f1-5ee3-4eba-a165-fa938dc210c0	0	MH298821.1.1504
6a91f977-576e-4cb8-96f2-490c55cdfba2	0	LN573501.1.1347
8b73edd3-0151-485f-a777-8076ea552358	0	HQ119044.1.1501
0dd197e9-3ddb-405c-a63d-95a174c3edef	0	HQ119024.1.1482
ff66eead-c8ba-4968-862b-493ec837d8a8	0	AB672304.1.1468
5203f769-8b53-43c5-883d-44057d143621	0	HQ119518.1.1506
11ce1c6b-df18-4ce0-8c3e-7a275545beb0	0	HQ119662.1.1427
84a31941-1a01-43f3-a899-3bf3dd486fd1	0	HQ119662.1.1427
d9db6a32-de05-4e3a-b635-eb2ccf800ed1	0	HQ119662.1.1427
81ece019-d7f0-4a28-9db2-8f73ba77a1d2	0	AB696068.1.1451
ecc9840d-eb98-43c4-953f-99a19d838b94	0	LN564467.1.1383
34ed2dfc-ee40-4089-bf02-9ec004b861b8	0	AB759685.1.1498
4d1b6d2c-2dc4-4fc9-bd3e-a5ded59b31a5	0	AB759685.1.1498
996d83ed-cdaf-49e0-a55d-411b59f3dcd4	0	AB759685.1.1498
e108d652-92cd-4103-9d9c-c11462d840b2	0	AB759685.1.1498
fbfaf42e-2a8e-42f6-9a5b-3c0df422a51d	0	GU985154.1.1472
e9aa36f7-12d2-40b5-a4ac-4d78cd15790d	0	HQ119207.1.1491
b8a61c32-724a-4368-881a-17ab36957376	0	AB672140.1.1478
72fbb60f-7435-47be-bfe9-1ca357964031	0	HQ119151.1.1456
2dc275ff-d5a4-4350-8b52-aeb1ca018b01	0	HQ119221.1.1472
64141258-7fb4-4912-993b-0212579f47c0	0	HQ119152.1.1519
e9de91e5-ed66-4c8f-b151-18f2ab72613a	0	HQ119152.1.1519
dca3e37d-f534-45c7-8eec-46576d31a2f5	0	AB672210.1.1459
2d91ce58-495e-4dc1-9cf5-33c07374aa05	0	AB672210.1.1459
499de15a-43aa-4804-bea8-8dc613981b09	0	AB672210.1.1459
a404d440-a595-49e9-8d2e-81c15db24e4f	0	MH445240.1.1494
4c49559f-974d-4124-8c9c-dbc51c909733	0	MH445240.1.1494
62988c13-fdeb-4cef-9ba8-974460668d42	0	HQ120337.1.1406
28b76096-fd96-4126-adcb-f1b4b8c9c031	0	MH445235.1.1502
b8c70580-f560-48bd-b7d6-3926f911b148	0	LN573560.1.1385
0b562c15-204a-48f1-8270-6340108c6624	0	AB672234.1.1475
ee0e0931-4238-40b7-bd1d-9881fa166f16_1	0	AB672234.1.1475
6d206a42-f030-4ad8-a90a-91a780782a2b	0	AB695879.1.1472
30a3e79c-f19d-4f54-a3d9-e87db2a44f15	0	LN572007.1.1396
ee289d8a-6248-489b-bf03-7fdce440393d	0	MH412677.1.1479
d4bd15dc-e0a2-44bf-9f31-b4e11c7e1753	0	HQ121243.1.1504
32925ed6-b064-42ac-97b8-54cccee4d8f3	0	LN573502.1.1346
26161cfa-8162-493e-a963-d285dfc9acc8	0	HG324077.1.1604
735d5ff1-380f-4b45-ad6f-d9f39db69fd0	0	LN571957.1.1363
3cf4da9d-faa0-44af-87b5-8b0c0ca087a3	0	LN573017.1.1355
0971be9b-d2d8-49f0-b41d-a7297ae74d32	0	LN573095.1.1397
20b73278-14f2-497e-a3ec-c869a75ccc6c	0	LN573504.1.1349
3b14cd42-c052-47c3-8ed2-4e7bcb3e665d	0	LN573924.1.1381
9571fa08-0407-4a47-bfaf-0c3bcf38aa04	0	LN561453.1.1383
c1b4dd85-984b-4214-b9b6-2b7d1d397f1c	0	HQ118969.1.1521
8d4c9c5d-bdf6-4abd-a9d9-d0b32ef84023	0	HQ119272.1.1362
8bc5aef6-d890-4245-ad80-62bce4d903a5	0	AB982943.1.1427
0957b063-0b31-4f43-a127-7e8b6019ca2b	0	AB672289.1.1404
68bacc98-7b9e-4f91-980f-464f58f318f2	0	AB672289.1.1404
809724a8-7498-4039-9565-fd74ff0d1f1b	0	HQ119678.1.1487
a7deece9-a1da-4dad-a4b4-551ba0c4aeb3	0	KU851036.1.1440
da0332bd-061d-4f1a-aa15-ef600ddcf3e8	0	CP000245.566088.567610
ea7ac083-4087-4390-bd5e-65b55ebd8914	0	KJ782866.1.1516
01261ed2-a492-4dc4-b76b-dc641adb09ce	0	AB696166.1.1453
cb87c431-fe2c-4597-91e0-e6cea49004ee	0	AF150790.1.1452
281d2a91-92cb-4f95-b805-3af41d5b672f	0	FJ936969.1.1515
81271927-400a-4ca1-aed2-9d3ed54234b5	0	FJ936969.1.1515
fbc6b275-6bb8-4d5c-93f0-9f437247e518	0	LN573500.1.1345
ba676ce6-84cb-4f5e-86da-95d56c74b31a	0	LN573500.1.1345
41aeb452-e670-44f4-8a63-a75efeb0f100	0	LN573500.1.1345
10c0e47a-1e38-4efd-aadd-432fafba369d	0	LN573500.1.1345
015ca6f4-bd14-4e52-8405-22f562945b40	0	LN573500.1.1345
0aff5a89-c6df-4c20-ba9f-7cea76ccca41	0	LN573773.1.1359
98370fb3-4239-4e69-9476-76ea1037cef8	0	LN573926.1.1345
191129a5-e0b6-4f45-8672-611825e353b4	0	LN572124.1.1320
c795ecd3-e34f-4d54-906e-b21d83716d74	0	GU983354.1.1418
1937878c-b23e-4d06-8975-f60db85c3eed	0	MH699325.1.1476
34ce02d6-079a-453c-9196-4b9ef956ba50	0	MH588267.1.1459
aa81ab35-cf7c-4ec2-b72b-a25663ebcd39	0	AB821082.1.1450
709bff6c-aa9d-4a30-b6ce-c41f3c48458f	0	AB821082.1.1450
028973bf-2d12-417f-ac23-68fa08e1d6dc	0	EF409859.1.1343
9527fd34-3a09-4a49-a9d7-d2fde69fb496	0	MK053922.1.1519
4f06da7b-cf32-4336-82f0-97d56636f067	0	AF367025.1.1524
001b8c1a-c169-4e75-ae55-68209ec00a70	0	AB759681.1.1498
6b4d0511-0449-433b-ae0d-d33a5b0f72cd	0	AB759681.1.1498
12d2bdc1-d364-4f09-abda-d1f90c7dd2db	0	AB759681.1.1498
3a20f63c-7560-4295-bd3a-971ca0a8de29	0	AB759681.1.1498
6cf53b6b-93ab-4581-b849-c0a2dbb721e8	0	AB759681.1.1498
cdaf9be3-6ddb-4fad-94f8-85a09d9404d9	0	FJ936867.1.1447
4627b8fe-52ec-487a-be64-bdc3e0e9cf0b	0	MH922829.1.1476
5d1a582e-b7ae-43df-81e0-b7539c2fde89	0	MH698677.1.1488
1ce99437-a995-4c4c-b1ad-4ad542f84733	0	MH699179.1.1458
06a15435-a609-4449-bb69-a045e6b379e4	0	AB821170.1.1385
ca8c5646-ac18-44aa-8b94-1e564117590a	0	AB821170.1.1385
be781d19-8e1b-420a-abf7-9935049afb15	0	MH686087.1.1419
c2952a77-629f-453f-a11f-20699b2dcaf6	0	KC331463.1.1496
cdd26e70-a598-4047-bdb8-de62b6dffaea	0	KC331463.1.1496
4dab39b1-f5bb-4dc8-9183-d55ae4c8b988	0	AB821086.1.1479
1f91067c-1f58-426d-8026-81d76eed6c09	0	KC352343.1.1395
afcab0ba-21ea-42a2-bd17-b55055a936b6	0	AB821051.1.1385
24bd2b49-12e4-47a8-bb61-74441654bfee	0	AB821051.1.1385
f9b9c5b8-ed62-427d-8eea-f43762778a24	0	AB821121.1.1446
9203ff16-fed2-4dd4-8404-84894c3df6e2	0	AB821072.1.1456
2f5afaf6-9e58-460b-8ca1-6452f285c3e7	0	HE604055.1.1478
244ee61c-63aa-4c33-970c-869dcc8fac0f	0	AB821098.1.1459
c4dbdffa-80da-485f-be76-a39ad2ef36a8	0	AB821098.1.1459
9715783c-d1f3-45f7-a4af-50feeabfada0	0	AB821076.1.1485
180d6a56-0d71-4046-adc9-45ef421f90be	0	GU983312.1.1371
823a6a57-2eee-4669-acb3-7c9ec4af9c8f	0	AB821122.1.1385
4924fe67-877a-4bc8-86ae-0f40cdc9a954	0	AB821122.1.1385
5e645484-7ad2-4ba3-b978-43d7e4af0f3b	0	AB821122.1.1385
cbec51f3-83cd-4df8-89e6-dce184fc96a2	0	AB821122.1.1385
3244874e-429c-43ad-8efa-4598ec25290b	0	AB821122.1.1385
b13d889d-f2d2-4cc4-8a91-8b40a5c2efcd	0	EF492931.1.1500
2b29a917-fe34-47bb-b481-25247bd7bf34	0	EF492947.1.1479
48eb100b-cc48-43fa-8e9c-28affd3be08b	0	EF492947.1.1479
3422910c-0571-4366-98a0-e7a870080b71	0	EF492947.1.1479
75d54f57-92d7-4c7d-8835-4491cde7560e	0	EF492897.1.1511
4eb26fd3-6ffa-4715-a2f5-fd2c26b8c0d7	0	EF492909.1.1461
f5eff880-fcb0-45b2-8f9a-60b8940c95b9	0	EF492909.1.1461
0378a4dc-a32a-4fa0-8322-1faa4c8c2c59	0	EF492909.1.1461
813d48ed-fcef-4187-899a-9f6c84a4d5e9	0	EF492909.1.1461
704e986a-6db6-4176-ab72-9078ba5c38b3	0	EF516220.1.1416
bacbda28-e5c2-4830-9262-49e0daac5a88	0	EF516492.1.1440
864f9e7b-2ef2-4087-a7c9-276ac15e1611	0	EF516492.1.1440
536ddd26-562d-4382-9e92-0cad9fc8c9e3	0	JQ278911.1.1519
02d2abaf-59aa-4bed-8cd7-a0027d9b6394	0	JQ278911.1.1519
e8459e4d-266d-4001-bb1c-42d2bc16cb14	0	JQ278911.1.1519
4b206871-5ca8-48cc-a8d2-2fb6c1d39b20	0	AB821074.1.1502
e89471a6-1c8e-460e-b7db-c33885c21df5	0	AB821074.1.1502
f60b7a18-8b50-42fb-8c23-8acf0460195f	0	AB821074.1.1502
6d9c6f10-f912-40b7-ac3f-39c6b7f26c49	0	KM108645.1.1511
2e99158b-17cf-4ac8-ad59-7652c46d873f	0	EF516070.1.1466
50202b8a-0023-488f-98c0-86752962b491	0	EF516559.1.1444
cf75860e-3bd4-4bc8-a84e-65e818be6bfe	0	EF492915.1.1479
51635358-ecac-42aa-82ec-7a3e19b0a4c2	0	AF498705.1.1403
4495b8b2-4483-4e64-a02b-428a8b63a67e	0	AF498705.1.1403
57f7f017-056b-496d-a7f7-d857008d2fb9	0	AF498705.1.1403
facdb210-9587-4961-98be-2e8b3d62e622	0	EF494373.1.1507
6bf14373-7208-43d8-9ce8-4ad953ab211a	0	EF516588.1.1452
f6824baa-b771-48bb-858b-55f56a8887e9	0	EF516588.1.1452
727d0394-6465-4be5-ab79-3a724b1e0700	0	EF516588.1.1452
e406f96e-c62e-4425-b6e7-4710814cd0a2	0	EF516588.1.1452
35c751ce-4fb9-42dd-88a1-6fd3f4347141	0	EF516588.1.1452
a6752b61-ed73-42cb-9e49-289a280c36ef	0	EF516266.1.1384
428450ae-927d-48ef-b5f4-866128d5b3b9	0	EF516360.1.1420
5edb7c35-5f4e-46a5-a617-1f2bbd124a68	0	EF516369.1.1434
c2160325-03c8-4252-929f-bdfb0be6724f	0	EF516369.1.1434
6089a85e-8443-41b5-8bbe-9cda3f1c8a04	0	EF516476.1.1405
44d6c3a5-cb9c-4ca9-aa3d-ddc925478fc7	0	EF516512.1.1405
f88708eb-a667-42ac-8b7d-e5340c6d343c	0	EF540408.1.1457
14ba6464-9ddd-4642-8b46-b26bae65a2b5	0	FN667373.1.1538
211cd32b-19d9-4da7-988d-a66c039fe62a	0	EF515899.1.1471
6712fb85-23de-4e21-84f3-7bf36b812e6a	0	KP728227.1.1516
30f6a745-2783-44e5-accd-f4c33ff5732e	0	HG528978.1.1300
42dccf44-d529-4faa-b513-2c7f00270bf6	0	EF515967.1.1476
6f1645d2-bae4-408f-9b38-48a28b87d046	0	EF516044.1.1455
b892c6d6-f220-4085-b57f-b5c83da38768	0	EF516185.1.1493
36d2a6b9-b523-4b74-aa43-cbf56a25d08b	0	EF516756.1.1447
b378161a-b7eb-49d7-8dd2-110cf47ef85e	0	EF516756.1.1447
4cbcea80-4611-492e-87d4-4476c16c650f	0	EF516317.1.1462
013a103a-70a4-4c9f-b899-d18df742c77a	0	EF516387.1.1468
cd58fb22-3c7f-40cc-a187-8a5e2e1f3903	0	KC541198.1.1492
b09e491b-3fa4-447b-9007-7243a56f1f38	0	EF515913.1.1468
39c10054-f510-4336-8e6e-21d7a48833b1	0	EF516614.1.1425
d93e628c-5b04-4d9a-b46f-75aeb1e508bc	0	EF516614.1.1425
9212830d-c53d-4fbf-8782-3c328234c498	0	EF516253.1.1442
41ec3e78-cb9c-4a2e-b831-c93fa7f9512f	0	EF516526.1.1465
3c5849c5-bc54-4681-ba3f-6232207bdf63	0	AJ536870.1.1306
584124f8-e95f-49f9-9ced-15906f5d0d03	0	HQ445659.1.1457
47c7c21e-0864-4c1f-a95f-cfd6dc743093	0	HQ445752.1.1504
6f6b2027-add4-41af-89ce-6fa53a2b81d4	0	EF516050.1.1421
ec109e66-1c81-48ef-a2d5-82cc155ac9cb	0	EF516487.1.1473
44ee943c-2580-4686-b6db-f8efc708ee62	0	EF516551.1.1468
24401c2e-2431-411d-85bb-76df2980f6d8	0	KC551581.1.1445
9351a684-ad62-44d2-8a0d-ba15bf69b140	0	EF516379.1.1442
bad40bde-c9ff-4618-ae60-f9ec78b8555f	0	JQ337328.1.1454
bdaf79c2-2029-43dd-8b63-3d876d204358	0	EU043973.1.1370
baf649b7-4430-48af-b9d4-916861455981	0	KC619603.1.1447
f33232b2-497b-4192-ab12-df347f58f744	0	KP645161.1.1438
303dd8a5-5c33-4210-845a-ebe9ee93d049	0	EF516055.1.1436
224bc9c6-39b9-46c0-9049-b8e5386aa87b	0	EF516055.1.1436
2b7de863-68ae-4866-8c66-e83d96b9abbc	0	LN880478.1.1361
9056f95e-04aa-4da4-acbb-939fbc237db9	0	EF516733.1.1413
35202a56-14c6-44d7-86cd-f4b05feda06e	0	EF516733.1.1413
8e38b01e-fdaa-4a8d-8e06-c1c092ad79ec	0	EF516733.1.1413
4c1b5686-2754-4f3e-b3b3-ebe24f6062a3	0	EF516733.1.1413
54f57ed9-767f-43a0-b459-e9503639026e	0	EF516733.1.1413
00be54d7-baca-47df-af2a-dd28dc335089	0	EF516797.1.1411
ec6a1277-c736-4c85-9bfe-f222e3e8c3a0	0	EF516831.1.1449
5bf045e1-0712-4f53-b159-a8c400877376	0	EF516831.1.1449
70df8a9a-1136-4743-846e-27d612beb60b	0	AF517773.1.1519
ff3505a6-76f5-439e-8646-2170dfc75cc2	0	EF516154.1.1421
0d7aa69a-86d0-4497-89bb-7a3490a1e70f	0	CP016786.2743537.2745057
cdaf8c9c-75d1-4df9-a1aa-e63856e260e6	0	KM200502.1.1488
4eaf68bd-c903-4ed7-9dcc-7f070573205c	0	KM200508.1.1485
8f41ad73-f501-461b-a72f-7165e8981016	0	KM205492.1.1450
1e74e198-9719-4574-b8b9-6a10babc6f34	0	KM205492.1.1450
a2ccb244-cb37-4549-9217-390b98eb06ce	0	KM205492.1.1450
7957825b-4cae-41f0-adcd-c7071ae80579	0	KM205492.1.1450
10002558-e74f-41d0-90ba-a38d507a4de0	0	EF516542.1.1476
8bc940e2-56fd-42bc-a30e-69fe133ea2e8	0	FN811262.1.1492
afd41c1e-059b-477b-9190-4bd5a2d022a8	0	HM061747.1.1431
c082133a-52d3-414f-b8b0-96e2f3df0442	0	KM200388.1.1494
ac2818e8-3f8c-4b52-b164-63580f3e286c	0	KM200421.1.1515
c58ad739-0a4a-4389-928c-89853888d7f9	0	KM200421.1.1515
d0d15806-0195-4160-a184-3df3fe2250ad	0	KM200421.1.1515
052be72e-3f62-4a99-b4b4-55803fedd9c2	0	KM200421.1.1515
90bac42f-b02c-481f-a3a7-85f96f2ca173	0	KM200421.1.1515
9c24b68d-cc03-4d9c-8b57-03fd198aa5d2	0	KM200421.1.1515
d706e18f-71c9-49e9-8f11-b3bd1c98cb5e	0	HM062167.1.1419
87f56050-249c-4fc1-9b5b-3ba616a54697	0	KC554257.1.1541
8605915b-6218-46fc-8298-caaf3ea17828	0	KC554935.1.1540
26cff59e-a555-4a89-98a9-a23ded2c308b	0	HE974809.1.1514
9e7eb0a0-a0ef-49bb-92f1-a538c3ed800e	0	EU135030.1.1305
85423edf-757a-434d-9aca-66ff95a16680	0	KC554289.1.1542
bc48c005-a696-4ef5-ab63-147a06a9e3be	0	KC554289.1.1542
39b62e1f-fbb8-4c46-a8fa-90414b92460f	0	KC554846.1.1489
6e518389-d570-4365-8231-4b9224b81de6	0	KC554846.1.1489
411b848f-6cda-40d0-8339-b7f91e03a9a4	0	GU113047.1.1513
3b81a2c7-4390-46f4-b119-dfa11142a5fb	0	JQ427755.1.1481
aeca9544-6458-4709-b8a1-ded458356424	0	JQ426327.1.1441
ab7e9b1a-b5b6-4ae4-be7f-fe9d3e42ebf6	0	EF515898.1.1464
e4596ca4-fac0-4603-a9a8-9e2618075a2e	0	EF516099.1.1440
a6b10389-229d-4f76-a038-4e9f36e1375f	0	JQ408032.1.1340
10f05684-d194-446f-926e-157f680daf40	0	EF516826.1.1471
f42c593a-edef-4333-921c-28bed1779afd	0	EF516826.1.1471
eb7838f0-1281-4986-96d6-f4d62452f4ec	0	EF516826.1.1471
7c0f1a8d-cfc3-496b-bcc2-10009e4073ea	0	JQ311895.1.1367
69164e27-90be-4f68-8507-c544f09ed823	0	FN667383.1.1538
0cb149a4-4d8f-4469-a039-2fa493392a6e	0	GU172184.1.1495
596a7020-a0fe-4201-83f5-649916f58b61	0	GU172184.1.1495
d1cbb242-68c4-4241-bd44-64416bf44d85	0	GU172184.1.1495
e4ffc27c-d2fc-4dc5-b1de-3e218f180450	0	EU192959.1.1510
ce432af2-04d8-4b01-b40d-3bf2dc7e187d	0	JQ428392.1.1441
231fe1b6-2763-41dd-a5d4-762721437699	0	EU037328.1.1478
94301a19-c3f1-4104-9695-5245e9391896	0	EU044288.1.1396
09155ce5-b27e-45e6-80a2-4749cbe84bbd	0	GU172188.1.1484
9272f5c8-1297-455c-8317-fac6bd74b61f	0	EU044235.1.1410
b33f19d1-4f64-4495-be62-01b477de52a0	0	EU044251.1.1397
4bea6428-b012-44e1-b743-4769e6d28220	0	EU044251.1.1397
ddd9363e-9a83-4a10-95b3-f93981507c3f	0	EU044251.1.1397
0abd2887-652f-4f1e-84ce-9c0d6c128148	0	EU044251.1.1397
c613d33e-aa8c-4703-b231-7cfec94af7a4	0	KP745108.1.1448
93beeded-9fc7-4ee5-bc08-be8992b9367f	0	AF423209.1.1472
27b60c40-b4ea-438d-ba90-c01990ffd380	0	AJ292609.1.1458
f2b8f1ce-1319-4613-98d0-87c97c9ba1cc	0	JF833487.1.1413
be1d4731-b328-42c9-9b16-0df245dd2560	0	JF833487.1.1413
62482033-0c10-4f32-9a32-eb9fcf4a5607	0	KC541185.1.1536
8aaa594b-7f19-45cc-925d-b68953e1cd36	0	AJ292577.1.1463
82bc7d55-aadc-44d9-87c6-dd6396f71902	0	AJ292582.1.1463
e54411ab-e7be-48df-949e-390fac0b386d	0	AM902631.1.1511
46531066-94ca-4b5c-b4ef-6156c99243ed	0	KC554901.1.1502
2221ae51-9516-45e2-8628-feaf928d0836	0	KC554901.1.1502
702e6e44-cd45-4d5d-95d4-d8e936c06182	0	KC554901.1.1502
beea8873-c483-4276-98be-f33c68c2cf32	0	KC554901.1.1502
35aa815b-5a18-4760-86cc-d338a9b9cb78	0	KC554901.1.1502
7abc3d7f-b134-481b-b7f7-e34c4feef50e	0	KC554901.1.1502
467aff11-8460-4afb-aa54-8c6a0ea135fe	0	KC554901.1.1502
a0a412e0-aa41-4135-a25b-5520ab6b01ee	0	KC554901.1.1502
17bdbd5c-26f2-45d5-b51c-6fc2bf3c8aaa	0	KC554901.1.1502
d97d7e0d-4bdd-4076-8ddc-32e95a9df67c	0	KC554901.1.1502
1d166926-342e-4e72-9fb4-f456760db10c	0	KC554901.1.1502
1c2aa83a-301d-4a58-a044-7fc2c8861646	0	KC554901.1.1502
5ae7a70c-aaf6-43fd-aafc-d9ed9bedbf91	0	KC554901.1.1502
e942e6b5-4488-45f4-a7bb-a5cecab063ad	0	KC554901.1.1502
941bbf44-3525-4979-8e06-8c4b4215e813	0	HE974807.1.1514
863aaaa4-cad0-4a8b-a825-3acd94420077	0	EU044119.1.1368
637a989d-9e33-43e9-8ecf-99e4d4209261	0	EU044119.1.1368
01d5c933-31a9-443c-abf6-b994dcfa02df	0	EU044518.1.1394
ec0ce458-b573-4e20-9a2b-6fcaa19c7963	0	FN667161.1.1467
23baffd8-ef97-4398-b28b-48f2cbbb4f4d	0	AHCX01000012.191784.193323
3b0206e3-fa17-4351-beba-8df89b6fdcb1	0	AM162420.1.1414
4a9e2948-64bd-41f5-8031-efc0b708b99e	0	ABOX02000035.71375.72936
80a707cc-ebcf-4298-b10a-5a0794b8eaa1	0	AM930302.1.1500
12f6eacc-7209-4c89-b905-224fd68df077	0	JQ427759.1.1442
453678b1-3075-43e8-8451-5bb2e7eb8729	0	HG316039.1.1487
b2381a35-f038-45f4-b206-7faaec857654	0	GU320665.1.1496
d90afdb9-4c13-42d1-a5ee-82e1767146f2	0	AY725246.1.1491
943b1b25-faa4-4967-8df0-3511dbfd72b7	0	HE974805.1.1514
7a200a24-2ebf-4856-adf5-299f310f108b	0	HQ445781.1.1513
aa2c09d5-42d0-43a8-9850-d60c79bdea67	0	AM277375.1.1485
e2e2747c-5fb5-4b41-b8e7-a841c4e4cc89	0	AM930274.1.1522
ec919be3-1c90-4af3-8be4-cda0e68e0811	0	EF632934.1.1528
d0666d36-a35b-411d-8222-fc8bc37c1fe9	0	AJ009449.1.1498
d1354456-3674-4e08-8c96-4621e0ca8d36	0	KC554898.1.1512
925ffd97-8d69-4bd1-b73f-398ae8859317	0	KC554996.1.1540
65d3f5b3-abae-4e77-bc4a-6e4f304ee9f4	0	KC554996.1.1540
26292c19-e5ff-4ed2-8812-e8336bb781a6	0	KC554996.1.1540
f25446f0-8d2b-4040-98c9-04c282c5503c	0	KC554996.1.1540
c650b249-233c-42d9-8992-f0d5c93a4df2	0	KC554996.1.1540
1c5fdae2-0da3-4a8a-8545-b2d4570e7468	0	GU172197.1.1470
abf0677b-c0be-4c14-85cf-bad02c2698e1	0	EU133415.1.1271
b65aad30-c72b-4fc7-9357-26188c8a9765	0	AM930289.1.1524
bc9f5a72-25d9-44f5-a360-9c0c0ff975bc	0	KM200456.1.1491
104da383-ffea-44f1-947e-08195a2403b1	0	KM200517.1.1496
31a39137-20aa-4df5-88cb-a89f665e9cae	0	KM200517.1.1496
5a278d41-3704-4c1e-b7da-1a9761afc5d5	0	KM200517.1.1496
d4ec40b1-61fd-41b3-844c-a78caee82b1c	0	KM200517.1.1496
dbeeee69-00cd-4fa2-a957-19b39c4c7ecb	0	KM200566.1.1446
e6746cf7-523d-404c-9dcc-d4232609d65c	0	AM500728.1.1524
bbf2690f-47dd-47be-8985-a0e5f2bb38ae	0	EU044095.1.1383
c3a5c245-b5b6-4e75-aa15-2aea1236ec0f	0	GU172176.1.1486
77d3b255-bc4d-4bad-a8f9-af43d457b2d8	0	GU172176.1.1486
73a7f7a8-ec91-455c-9856-d0adf74fa994	0	GU172176.1.1486
2e153789-adc8-4f2f-8a4b-415a0183810f	0	GU172176.1.1486
0a5e3561-a936-4636-9d09-7c0489683737	0	EU335329.1.1454
8cd56aaa-c5e7-4c67-9b03-84fe3b78a77f	0	EU335329.1.1454
c239cc90-99a1-49e2-8724-4f2b26b2422e	0	EU335329.1.1454
a1c84727-85eb-4a10-98e6-7f3e2ce3ae35	0	AY963464.1.1424
0aedfc91-938c-4df6-ac24-728637dc2d4f	0	KM200377.1.1486
1ec6af26-9c15-4bed-be0b-09a56ee12682	0	KM200377.1.1486
5b89c5d2-952a-4c11-89d8-49fb53e14ab2	0	JQ428666.1.1444
cc369bc5-e253-4506-826d-136044f55ee1	0	JF718670.1.1487
5e8ef4ca-69a5-4790-81f8-d2be0bc8c407	0	KM200561.1.1463
3240eb5c-8965-4b29-87c2-3a2718503a0c	0	AM934721.1.1311
d1b61ed8-91dc-41b7-9623-07fd86cd6041	0	KC554691.1.1557
232cb7c0-f472-4295-9492-f0af39cc1802	0	KC554899.1.1476
368059d9-3ab9-47ca-b5c2-c64bd6f6105b	0	EU134318.1.1375
68a72995-3d35-4938-91e8-b75d9cb3bae6	0	EU335276.1.1525
239e5edc-389b-45fa-b6a3-11bafac36477	0	GU201550.1.1484
1dc4ac03-e590-4149-8c0b-f0f024c48c84	0	JN024031.1.1481
fa3ff5dc-0a6f-4257-a460-d44c646dce80	0	EU135300.1.1359
2a12a377-3c40-465f-a5d6-045f2b3bdb7d	0	GU118520.1.1409
032de1aa-5feb-49f9-90df-2f7d0e225084	0	JN023771.1.1491
b612e072-e665-47d3-bf05-68588989fa8a	0	HQ445671.1.1520
376a02da-e2ee-44c3-b7d1-39f5111d593c	0	FN667436.1.1499
cedda8fe-b859-4557-8397-3820d6a3ca30	0	GU172195.1.1476
57d36704-6605-45f2-a419-375dff04de55	0	KM200466.1.1461
d531c32a-4cf9-493c-b740-9adea98b09dd	0	KM200466.1.1461
b76b8988-3f35-4557-aeeb-461e2ec60271	0	KM200466.1.1461
2c66eeda-8042-4993-95c1-9a2229ded143	0	KM200524.1.1500
1983e0e1-518e-4654-b1ca-6d4c9a45025b	0	KM200524.1.1500
73e38ac9-58a1-4647-a736-84ebb41c5d99	0	EU335330.1.1487
ce087eaa-0791-4a80-a94b-046d1bb30ac0	0	EU335330.1.1487
44fd608b-90f6-4210-8cf7-41a2fd9d468b	0	EU335330.1.1487
198a650a-6b32-49e3-afc8-e488329d9a6d	0	EU335330.1.1487
a032d3ff-5224-4f57-a5d6-5c8f1b52ece1	0	AY963457.1.1424
ad86003d-041a-409a-8d63-566c19748bac	0	AY963457.1.1424
1db72fb5-b49d-4d87-9ccf-db01a18797dd	0	JQ793502.1.1495
b882591f-418b-4a57-818c-24235319ea91	0	KM200386.1.1501
a5269a86-2a40-4c09-975c-1ec050f6afdc	0	KM200417.1.1493
43643b35-ba8a-4eee-9bf9-93535415420a	0	KM200417.1.1493
d358efdc-4921-437f-93d8-fa5f1bf76774	0	KM200514.1.1486
4c460fe8-6153-455c-88d2-5d41d66617c5	0	KM200514.1.1486
f164c839-19eb-4590-aa23-6f485c56e6d4	0	KM200474.1.1512
9fe99ae6-c903-46e0-ae8e-6e2853604073	0	CP019038.4793191.4794699
e728e3be-0e70-467b-9b00-c94e6812c153	0	CP019038.4768364.4769872
cf39994c-344f-404b-b7eb-13551d6b2c16	0	EU133157.1.1353
2f88956d-e432-457b-8129-5814cf557a44	0	KM221456.1.1503
b89c1d90-7c02-4fd2-875b-92970e1299a0	0	JF833785.1.1422
fbf87119-b120-47e5-a8c5-8d3084828d7e	0	EU223960.1.1489
5e6025d2-09fc-4fa1-baf2-1843dd229ca3	0	EU223960.1.1489
cbf8fbbb-5099-42df-bdd8-398b3f53b440	0	EU223960.1.1489
da9c5e9f-bd7c-4087-80b5-a354e13546c0	0	KM200422.1.1514
c4603619-60af-4372-9075-1f41a7f2ed51	0	KM200422.1.1514
c887a058-c9b9-4c48-abba-dbf5fefba093	0	KM200431.1.1472
60bffb27-3421-4276-bf64-e5bb9acd046a	0	KM200440.1.1465
7550344d-270c-4da3-9279-daf2c4afcb95	0	KM200440.1.1465
fdb50062-dc9a-41c0-b835-3a50c5dfcdd5	0	KM200537.1.1487
4f4c5917-15c5-4acb-8253-f0b101d19179	0	KM200550.1.1500
a19c8f16-89ec-4854-83f9-bdfe8578a4f1	0	AY326573.1.1423
fb1f9d04-3834-472e-91c3-9c4c66f420c7	0	AY326573.1.1423
6066644d-7bba-420f-aaae-d0b27d42b87b	0	HM062461.1.1420
32ab1362-530b-460e-9d64-f266cdc644fe	0	HM062452.1.1422
e5f83914-3d70-4d32-af91-2437f1970379	0	HM036024.1.1526
b0722eb2-945a-4795-b16c-4d20aac460fa	0	EU449748.1.1434
a31c2252-b603-43d4-944b-dc302c3d1c65	0	KM200407.1.1452
be38dfe4-0bd8-4052-acf2-f1b3a86462d4	0	KM200407.1.1452
77621760-00ce-4ff9-bf10-80f656e72e77	0	AY326563.1.1423
3957bb37-fa52-4d9b-924a-eeca128f4d93	0	AY326602.1.1412
642fa369-32ae-4e5f-8586-a46f36ed7279	0	AM930374.1.1524
694d148a-4f1c-4458-8237-9d101b0b1737	0	EU044304.1.1391
cd453adb-93f9-4da2-b9ac-3de169780df2	0	DQ129531.1.1484
bfafec0c-ece0-4f4e-8659-f33a1164a4ea	0	EU135253.1.1360
69695b12-a1eb-466a-919f-34da162b8626	0	EU150246.1.1464
cd29f3dd-d92e-41d7-8aa2-48c1ef3fab4a	0	KM251034.1.1450
763cb489-95aa-4495-a035-1b9cf8d33d38	0	KM200506.1.1509
ef9950c5-6c9e-48d9-9c27-19a08d764b4d	0	EU193116.1.1499
5aaa7132-6e49-4d2f-8d09-5db04d60834b	0	JF833895.1.1453
e3e6df4e-f58f-4def-9fc9-52029698e7a9	0	JQ861404.1.1502
5d734a86-4a6a-4d53-89fc-9d7c11ab5702	0	JQ861404.1.1502
7570aead-413c-47a2-a723-da5e0b387f9f	0	JQ861404.1.1502
8e5b3b6c-66ad-408e-81eb-050eb8fdc0b2	0	JQ861404.1.1502
a1da4d26-aef5-4243-a592-4c7de987ddb2	0	JQ861404.1.1502
322c3bc9-1cf0-401d-9d95-3ad9d9b9d926	0	KM200467.1.1496
2d8ae714-5a9f-4169-ad51-d8d8af041a64	0	KM200467.1.1496
ce5ce4dd-a321-4c16-8c5d-45b47c66668e	0	KM200467.1.1496
a8562f36-8b69-4ebd-b904-35f709281faa	0	KM200467.1.1496
580ad116-75ad-47af-b070-6ccf21788d02	0	KM200467.1.1496
c824ea4e-5354-4586-a774-6b4e086aff22	0	KM200467.1.1496
6497b4dd-bc5b-4fb5-a1c0-064d6fb84554	0	KM200467.1.1496
c8868a79-5783-46be-9b19-3d43d3018da7	0	KM200543.1.1461
46cfa8f2-4c56-4e6a-b1e7-fc06f3e61006	0	KM200543.1.1461
bafc69c4-0644-470a-baf0-e7ac1fe21095	0	AY662029.1.1406
4d004b3f-5471-4978-9464-3154ba081b01	0	CP021434.1843208.1844756
29f528ec-0a94-4616-ab52-f3ab91d6841b	0	CP021434.1843208.1844756
b80cd03c-a8cb-4bd9-bb81-e45e43b184df	0	CP021434.1843208.1844756
7f1915b2-56b9-4610-906d-05594c936447	0	JF800698.1.1333
8570a38d-2b74-488e-9992-0d80c3f773a6	0	HM049690.1.1508
2ee393bc-15e4-47f8-bd5a-fc71cd271bd2	0	AY326564.1.1426
f59d2b2c-1b22-4e71-b437-c1a08a3a19cc	0	EU193087.1.1501
5e9184f3-c7b2-4f0b-ad5c-3f155ff5a868	0	AY425763.1.1400
2b67f8ae-7aaa-435b-97cc-b6b4e2c70595	0	JF833841.1.1449
26504823-e432-4d7d-83aa-997f25ee9928	0	JF833908.1.1503
2b74e95b-1928-40cb-aded-5ad52d02a266	0	JF833908.1.1503
a9132b10-b487-4c50-82ce-53e0cc91e621	0	AY439189.1.1502
2d61eb74-6d4a-4f46-abc9-53b2039670b7	0	EU193037.1.1469
cb719e98-b7d3-4dd6-b967-aab9b512684a	0	AY395362.1.1453
172a4837-c2f0-4aba-8dae-660391e70aa7	0	JF776877.1.1448
6df132f3-32ab-4673-8617-de3fe7f684b2	0	AM991239.1.1391
7fba16ab-bd9a-47b6-89d9-52df90321920	0	KR560019.1.1454
13ba2ea4-a6f7-416e-b0c0-1f5f4405426f	0	FOQM01000028.9341.10831
0b560e50-4722-4899-9509-5b731f6a4082	0	EU335299.1.1479
35ec54ab-c7c6-436f-a395-804e09dbce94	0	EU335299.1.1479
82ff1488-1300-4439-a145-e9ef5119bf24	0	EU335299.1.1479
649fab26-dec5-4621-aaae-9b87122e1a68	0	EU335299.1.1479
ac46bbe1-3600-4d7a-9cfa-f8b8d6eaf6c5	0	EU335299.1.1479
56191139-0db7-4992-a003-4e08f1c10614	0	EU335299.1.1479
28d69e1c-05c6-42f8-93d3-39a8dca01da0	0	KM200380.1.1484
e6ab260a-e52d-4a29-9bcd-14db491a8ce6	0	KM200411.1.1478
0fe6b7ab-a77c-4249-8b5f-79a40123f253	0	KM200507.1.1479
a59d8401-eaeb-4d36-8612-208b2fa8bf15	0	KM200507.1.1479
e05bb39d-8068-4026-be7a-4fd26ea95013	0	KM200507.1.1479
52dd5244-a635-41e2-9345-5449f9f10aab	0	KM200564.1.1499
0fec9af8-2891-40d5-ab67-d65feb45e290	0	KM200564.1.1499
14164917-2203-4628-b833-03d3807580e6	0	KM200564.1.1499
ebb1b6ff-8433-4e05-ba33-83e9e04166a2	0	KM200564.1.1499
8ae33fa7-c915-4c47-848a-861608758707	0	JF833886.1.1487
1aa44816-70d7-4c9b-a20b-d27fb2cf2e0a	0	EU202851.1.1451
afa036fd-7a60-4699-af57-820a75570a9a	0	DQ451495.1.1495
aa689e0a-0f8b-4f55-b5b2-eb5fea4d0c45	0	DQ395973.1.1462
861c847e-0004-401f-8a30-32242b27a347	0	DQ395973.1.1462
d5af957d-b0e4-492a-91a6-266d631ae768	0	DQ395973.1.1462
df40c88c-0d93-4b15-bcb9-12c76c60b777	0	DQ395973.1.1462
8c8830ff-abd2-4ad8-b449-4e9667585f6a	0	DQ395973.1.1462
9ea1bdaf-d774-40b6-88a9-f26344206a28	0	DQ395983.1.1546
70807176-efe8-4f36-ba6a-61483d6c706d	0	AY625143.1.1453
f4aa0c88-adb8-4f8e-9788-1a4ae7011ef7	0	JF833497.1.1402
caa658c8-11e2-4c8b-a141-c9a27733bab5	0	KM200420.1.1475
b3427493-f6cd-46e2-9d5b-4a912d115b91	0	KM200420.1.1475
576e5f65-ede6-4016-bd9e-2bc0bdb26521	0	KM200420.1.1475
a5da7232-b951-498b-bbe8-4ee875dcd08a	0	KM200420.1.1475
34321e3f-7107-48fc-934d-9be96cf45995	0	KM200424.1.1492
36cfa441-b22a-441d-ac69-153e07cdb51a	0	JF833762.1.1421
76ea38d3-ba19-49da-a30d-f302cd25de35	0	JF833762.1.1421
86069767-e87c-4857-bc97-3e67a6ee0c45	0	JF833762.1.1421
48f618b6-83ca-4865-a13e-ac90fa82242c	0	JF833762.1.1421
ae117505-5900-449c-97a6-3565a66552fa	0	JF833762.1.1421
6d4611e3-2846-4e98-b7c4-9a90a8af1fb0	0	JF833762.1.1421
f13d4751-e0fe-438c-8b17-0cf04bc24f42	0	HQ598366.1.1455
bab1cb4f-0063-415e-9105-07976a73011f	0	HQ598874.1.1454
4ac24443-e15c-43b4-9e06-65ca8d2fe46c	0	KF010682.1.1490
37c1bdb7-9b02-4b06-8200-e21c199bee6b	0	KF010682.1.1490
41242202-bcef-408d-a0cd-95c9ef079099	0	HM069037.1.1317
91e71df4-657d-4539-a57b-22a2e1029963	0	FR687425.1.1464
d756ed8a-33c5-44ba-9ca9-ed25b5afb220	0	FR687530.1.1489
fb28bf5d-8ffd-4f7d-aca1-890f14665004	0	EU335421.1.1556
15607b14-f75f-475c-839d-09e491352903	0	EU335421.1.1556
d4a2f6e0-842a-430d-803b-5f3daed56230	0	EU335421.1.1556
320b227e-da7e-4168-89de-a0518b181373	0	KM200396.1.1494
2e60cbc9-894a-4228-a9ec-b4bd00e5d2b3	0	HQ697419.1.1500
b76e0107-3a10-4585-b7b9-d0f6bf6614ca	0	EU370302.1.1391
0a7427cc-f24a-4502-8539-e0a1f051b3d2	0	EU370302.1.1391
6c57d0d6-d7ff-4262-824a-7b9a5f949dcd	0	EU133174.1.1410
792aadbd-d776-4f79-bea5-024fd04aac50	0	EU133174.1.1410
08eb3bc5-b66c-424a-9996-177b48793ceb	0	JF706661.1.1449
a0747d49-521e-444c-9795-36ad1da6a265	0	EU135120.1.1390
cc2d4b69-055b-4f96-88c8-19b79934ab26	0	EU044298.1.1407
eb687b7a-7a98-431c-bb64-d51a89f00709	0	EU044426.1.1392
1c3983c2-8f87-4ff5-8aba-f8751af4e63a	0	EU044426.1.1392
742046cd-cd32-4794-9dd0-5b1dfd7afd7a	0	EU044458.1.1400
5640450a-ba6e-418b-9378-80c9bdcef984	0	EU135224.1.1351
1bc5c8df-26ef-4627-b48d-58dde3cf5ad2	0	EU135251.1.1375
6d3a76f0-6753-470d-9107-740a62211249	0	JF727711.1.1516
8f775e7d-2da5-47d4-8b63-ca7a04816201	0	JX133404.1.1494
47a9af61-97f9-421c-8171-b7378fd30a9e	0	JX133404.1.1494
40f3df7c-41ce-490e-adca-89548087f18b	0	JX133404.1.1494
946657cf-d596-4c0e-a4eb-a6e58b03be69	0	JX133404.1.1494
11867134-fa60-4beb-a667-4ab86e2246cc	0	JX133404.1.1494
7f8003a9-5413-4237-a11a-bb08896827fc	0	JQ622205.1.1480
00dd8714-3e7a-4e77-b4fa-a7d456e7fad4	0	EU440643.1.1424
5287c8a3-bd16-4d4c-a0d7-af9b74102335	0	EU440718.1.1412
bdeb8cb6-6291-48c5-bd11-9ca50621ec74	0	FR687481.1.1450
94fc5c53-4642-4838-bfc5-c6f52a12c033	0	FR687575.1.1499
056efcaa-8b68-4b99-ad44-445cb48ceb30	0	JN024033.1.1459
0381ff32-0bbb-48a2-8cfa-fe15761d74da	0	JN024033.1.1459
843c43b3-50ce-4650-8d2a-6e2738ee93bc	0	AY963478.1.1435
276ede3d-8850-4b9b-be3c-4c6eb41f798b	0	HM270180.1.1366
c249bcf7-aadc-4814-a410-6f6108a888fc	0	JF833639.1.1444
c3ac6ce1-9cdb-4c4a-91ba-9c1c119be0d7	0	EU466995.1.1415
4840bcbb-03fa-4689-9f91-ec000251f39a	0	JN023360.1.1453
25e58546-d261-4949-b91b-8f6dcadd5485	0	JQ693124.1.1428
1c0ced3c-d8a1-4b48-8fe7-4ffd7bb0040e	0	JN023677.1.1476
c4c25c50-598e-4b85-a03c-db40c5ed09e4	0	FR720633.1.1420
5bc31ca3-16f9-435d-aa2d-0c5736ab2121	0	JQ861421.1.1498
c5c95f56-414a-4a76-b012-08c57a203637	0	FR749741.1.1490
b60f56be-e468-49d8-9e62-858557f2230e	0	FR749821.1.1477
d53ce6e4-2f4a-4afc-a649-77541d3ad0aa	0	JN037903.1.1494
9ee157eb-db2e-436d-a9b0-918a373cb51c	0	EU335345.1.1496
80e9817b-e433-41e1-9b4f-5b4f9b6664a1	0	EU335430.1.1456
6506d770-5d7b-4dc5-aa56-bcc45103cf0a	0	AY963368.1.1424
2822e740-abd9-429f-8bc9-813dee95eee1	0	AY963368.1.1424
1a3e8572-b82d-4323-89d0-8083fc964d94	0	AY963368.1.1424
9c0eb4f5-8ddc-4bc8-8b54-77ca407a7b1a	0	JN038843.1.1480
81681abd-4d18-456c-b531-3ec45cf03c7b	0	AY963500.1.1422
ca53b1d1-601c-451c-b22b-a18b99ed952e	0	JQ741980.1.1512
0eebea8c-303d-4a74-a5aa-91d4f96359be	0	JN023164.1.1437
d26b9b12-1e2e-4bc5-a78c-330ed9fe57f2	0	EU370298.1.1269
ce4c9bed-51f0-4a0d-8f38-53f205ab2536	0	HM187100.1.1455
d9b18759-eb27-4712-9bbd-43db849b5114	0	AY963496.1.1422
202ded11-4027-402c-94ba-fb5cd6c5c4d5	0	AY963496.1.1422
4e5f32fe-3b36-4f80-8cfa-9ec6213a4b55	0	JN023822.1.1440
19dc62cc-778e-4981-8cdb-6d24bde0c6fa	0	CP007128.4320338.4321850
bc6a7c9a-1075-4244-9c0c-86bb27bab4ce	0	CP007128.4320338.4321850
96a7a9c3-6dfd-4070-87ae-c1da505a3305	0	AY725253.1.1490
4c615106-62c2-4e38-bcac-a8476396d576	0	JQ798485.1.1484
ecf9439f-573d-447d-b22b-a917f7361b93	0	JQ798485.1.1484
e11adc0b-9d33-469a-ab59-7199e0b14cb9	0	EU440646.1.1446
b22a12d1-a83d-4b0a-aa4f-f4506c19cf2a	0	JQ775314.1.1570
2dcafc1f-504b-4319-8143-9834c1aff7f5	0	FR853458.1.1493
43a8e2ba-9793-4896-b7fc-2b8ed9a681d9	0	AY921885.1.1382
0c237db9-3bdb-4000-9433-4a95bdc85ab4	0	AY921885.1.1382
365cd673-6ec8-4747-8328-f3b0fce28ce5	0	AY921885.1.1382
0795ff2b-5666-4835-a45e-b6e54146e9f2	0	EU335327.1.1454
e6e96d23-7f34-4dda-880d-553169881ca1	0	EU335327.1.1454
16315542-7ba1-4c98-ab41-bda96e978064	0	EU335327.1.1454
8ed65329-df78-4f7d-8038-0f0b8e313a39	0	EU335327.1.1454
ec6756a5-784e-46e5-8b32-0d0ca62f0483	0	EU335327.1.1454
540d5f2b-4d19-47d6-a911-c33175b0509f	0	EU335327.1.1454
df50ca57-e643-4378-994a-42a0ac34634a	0	EU335327.1.1454
8ff53677-0f61-477c-9cc4-765cec0325b9	0	EU335327.1.1454
e26a7263-0f9c-40eb-bf6f-4c797b6db57e	0	EU335327.1.1454
ec068b60-2996-452a-9c2a-b69041ff37c6	0	EU335327.1.1454
9085a1d8-9055-41f8-aa40-1ac37fe8eb64	0	EU335327.1.1454
273712f8-8099-435a-a406-debc3f6ff6ce	0	EU335327.1.1454
f49c5e97-016d-4a91-84a2-4f3f86545dab	0	EU335327.1.1454
3b379422-63b7-4a77-a767-281043f50c25	0	EU335327.1.1454
b2dc6d3b-9d22-4286-9cd3-393269603dd2	0	EU335327.1.1454
668ee32f-04f7-430b-a8c7-edb05a428236	0	DQ347892.1.1437
32dfaff0-ea8c-4430-b4cf-7d4ffd8608cd	0	JQ624947.1.1332
eb0bcd7d-c3bb-4468-a553-0d8a52c3cede	0	KM200400.1.1481
cd365109-fdfb-48f3-a57d-fc7770c7884e	0	KM200410.1.1513
c352558b-e858-40e3-bf3f-f4db6855ff48	0	KM200410.1.1513
0a43e79b-6787-4e41-877e-9c72b70ebf23	0	CP007128.3717447.3718959
6a0e8813-fce2-4be5-9fc3-51b4d7af4f68	0	CP007128.3717447.3718959
9b25c8ec-6aeb-4490-a1a8-6f894f2d3fc6	0	JQ861388.1.1502
b2380e6a-2dee-4ca1-bd33-a055231252c0	0	JQ861388.1.1502
9d704275-8537-4945-b8f5-cf6eb5db3dd8	0	JN409045.1.1461
72d65ceb-097b-492b-946e-4754f3706c7f	0	DQ395953.1.1525
163ecaa2-84ee-42bd-883c-18cb057af659	0	GU731263.1.1393
e4e1cde1-8c45-4446-9a38-38ec91510f74	0	EF018959.1.1403
796fe6f8-a5b2-495d-9908-1ffcf1988ed2	0	EF019168.1.1329
c10ab53e-4b16-47e3-84eb-43f966b0558a	0	EF019168.1.1329
4bb84d1c-1fa2-4cdb-ae95-d5dd3e2979f4	0	EF019168.1.1329
ab51b36b-ec8d-4b01-833a-e61907045086	0	EF019168.1.1329
7670e86d-ba05-439d-99c6-9ec84937f285	0	EF019168.1.1329
b97715e1-045a-4e91-84af-535b99c79cf8	0	EF019168.1.1329
681c0bdb-a20e-42f5-b8c5-ea6a3caf1325	0	EF019168.1.1329
a097d0a1-6cf8-4de5-a67f-df498a539553	0	EF019168.1.1329
044e0d1b-f8e9-4286-a33a-5f5095f944ed	0	EF019168.1.1329
7f19db27-c29a-41fc-9e00-71b172da4142	0	EF019168.1.1329
6352b64f-c3b3-450d-b9ea-7821f652cb0f	0	EF019168.1.1329
6c58ca6f-b3d5-4ae2-950d-3e3bddc58b2f	0	EF019168.1.1329
d95ca380-a01e-4559-9c6e-05a432c4eb71	0	EF019168.1.1329
9dd33d43-8a94-40d6-ac4e-7c540d78c0a6	0	EF019168.1.1329
dd378035-ce25-4528-909f-3cd2d09441e0	0	EF019168.1.1329
fac0a6f5-219d-4d9d-940d-aebf72d31a30	0	EF019168.1.1329
5eda9030-9543-4ae2-b29d-8b0ac1664fb6	0	EF019168.1.1329
4c393961-586a-4b35-812d-01f8aa67deb5	0	EF019168.1.1329
d494cd89-e059-43ae-a78a-2b47761faea7	0	EF019168.1.1329
efd9d409-63e1-4de2-a75b-393ed141e262	0	EF019168.1.1329
338fe6fa-c33a-4f45-a370-35a0a3ab0d1c	0	EF019168.1.1329
5c24a537-7f08-46d2-a37d-1c4ff993a14d	0	EF019168.1.1329
4763c657-1c58-4eff-b095-221c242f7f5b	0	EF019168.1.1329
be676249-07dd-4476-83df-61d25a582774	0	FR687486.1.1485
3140763d-f456-44f3-a7b3-427ca903b2b1	0	HM036030.1.1526
6994cd43-776f-4e70-b746-e98c9beb27ce	0	EU276554.1.1473
d027a697-0721-485a-b8db-7b724f23bb13	0	KF010726.1.1444
08aba041-5bc6-4c60-9e79-70e68c3bcc25	0	EU289446.1.1509
8d84a79b-d7dd-4a7f-b095-4da4a80dff8d	0	EU289446.1.1509
077d1a2d-310b-4e9a-b541-1d43f3c0c581	0	HM062451.1.1431
6c3b099a-19fe-4c4c-83f6-359362e494e2	0	HM062451.1.1431
de80eba4-d878-4509-a9a1-e526435fbd7c	0	CP021434.2862248.2863798
4fdb81be-417b-4ccd-8007-17ed9c4a9086	0	AY913514.1.1292
139de198-3ee6-4354-bc45-f74601c7e86d	0	AY913514.1.1292
16a9e52d-f9b5-40bc-8452-9fcb3e4696b8	0	JQ978998.1.1448
06652a99-0f73-42b3-895f-a9a3b7c2b3ec	0	GU454909.1.1490
d50afec0-9204-4c5e-8395-55eb1e0c616a	0	HM269689.1.1352
2ea99931-e764-431f-8008-d50d9e8b86cf	0	JN023367.1.1453
4a37cac7-8eec-4549-9971-b73d5ff17102	0	EU445203.1.1483
8825464c-b552-47ab-a216-f0531a2d5fd8	0	FR687455.1.1489
36d84ad3-637f-432e-9f43-677eda142eea	0	FR687455.1.1489
b68da438-ae4d-4778-816c-48d37d32f1f6	0	AY921761.1.1410
5ababbdf-3bff-4c21-818a-0fd5a857670c	0	HM269081.1.1361
d57d45ed-1168-4b8b-879b-1d05bd5a4367	0	JX114397.1.1480
f7806149-8d11-4e5e-9013-93590fe43c83	0	HM259262.1.1365
616838c9-e864-474a-971c-821ca769b237	0	HM259262.1.1365
4b34dea6-2695-4028-aca6-57f2a3fc565a	0	EU589248.1.1515
5aa289a0-e3a4-4467-9308-fe04d70da6fa	0	JX133323.1.1496
e51f7288-a1c4-4160-a2a1-dbacd579aae9	0	HM270321.1.1366
2228c0e4-9e1e-4fae-a4b9-c55eab50d1d4	0	EU445194.1.1548
47340b31-d48a-47e1-9162-7ae983793c90	0	HM270046.1.1343
ca9b27c6-1700-4658-b9bf-2dae1079b89e	0	HM263196.1.1366
ec856a50-9161-467f-9af0-0e9fd1891ea3	0	JN023212.1.1490
ce1b9f64-3546-47e2-bb9b-97d3f68b95db	0	JQ775350.1.1543
671c78a3-cca3-4163-93b0-1892080591cd	0	JQ775350.1.1543
2788e354-02a2-4b3a-8677-14e81c8ec3c5	0	JQ978913.1.1509
b28efd22-47d5-414e-b993-43a59b2824a0	0	HM186718.1.1384
54d593b0-f564-4f1d-832b-72923ec49e02	0	DQ083104.1.1495
5ffc224b-89d4-482e-afbe-564958396003	0	CP007444.4552578.4554122
f27afdcb-3a35-454e-87e7-0f6b4db80175	0	EU445219.1.1493
18831b68-19f6-4a70-8aa1-bbbe79b3453e	0	HM262980.1.1364
5a822d8d-ae35-41c5-b3bc-c2bd6214ba94	0	HQ674794.1.1459
908c02d7-dbb4-4d95-95f2-77cad40c8d1e	0	JQ861401.1.1498
ef359f59-bde3-4e33-bb0f-965105a783a2	0	DQ451521.1.1443
ba934045-d729-4d42-8f14-5e110632efa3	0	DQ451521.1.1443
3aabb870-bb8f-4ae9-acaa-90c9fa71f1b5	0	KF037323.1.1456
e6228fec-0180-4fa9-9a54-b9c40e7d7147	0	JX114430.1.1488
04912d54-84d8-4c2d-883f-1b04a0832bf1	0	JX114430.1.1488
03df5542-1688-4636-beec-4861f8bbf35b	0	JX114430.1.1488
d5b78bf8-93d4-4610-82c5-9ea900921639	0	KF037306.1.1452
0227a4b8-418d-40ef-96f5-1965ade6ad80	0	JQ978965.1.1488
54a50fd5-cb6e-4853-97a2-41252dc24fc9	0	JX133603.1.1494
42bcefb4-36a2-456c-8e9d-014900bfc86c	0	JX133603.1.1494
0daf9c52-cba9-4b8d-86a7-e3eaea432700	0	HM263504.1.1301
4b0fbb9d-d7a4-480e-8dd8-3ef37d1c3a0c	0	HQ598245.1.1484
1ce5f91e-de0a-4463-bf83-53c7d46b20d5	0	HM269918.1.1366
ffdd302e-8bf4-4ce2-9cc4-b8de25c7d8ed	0	HM269918.1.1366
2c5de2fb-fa9c-4d93-a6c2-21a9a1aff311	0	DQ129492.1.1429
fb04788b-2f64-4673-89c8-c7de7a44e345	0	DQ129623.1.1444
aea298dc-d647-4683-834a-c2108131a5f6	0	HM366483.1.1479
a6786fa6-a10d-4ccb-b8e4-ddf04c833336	0	HM366483.1.1479
981cd33e-472a-40fe-8d41-542f57bc1678	0	HM366483.1.1479
03467278-0506-4396-844a-47ec2a5f9b21	0	DQ404672.1.1510
5149f905-c258-468e-bc61-bd02587cb0ed	0	DQ404672.1.1510
252d1473-d889-4a1c-a874-b4112ae6e996	0	HQ598356.1.1482
d72e901c-f77b-4248-8863-48a411a49851	0	DQ451497.1.1449
77b3a693-da3f-49a6-838c-4c458fc1a64b	0	FR687423.1.1492
ed6735ef-975f-4ae9-a3b4-7def1f63ab2a	0	FR687423.1.1492
777924fd-fba5-4641-8b4c-40bbca24764d	0	JX114418.1.1505
501c005b-a476-4650-b087-87f1700f3886	0	CP021434.3333759.3335306
1fdcb878-9caf-46ee-820a-198e9d44590f	0	DQ347895.1.1434
0a93b024-ab79-4760-aa51-40af9c02707e	0	FJ193309.1.1448
5291640d-d632-4dd4-8cfb-1fb5754fb4c1	0	MF092549.1.1517
abba5d43-e6b1-4737-b5ff-d2a35a62dd80	0	DQ404673.1.1468
619ba90c-4b1b-4d8f-abf7-8ff321339214	0	DQ365999.1.1490
e7e4fd5e-68ee-4580-81b5-1d3c06f6234f	0	DQ395987.1.1492
379d5cde-7ba2-4c80-a647-899a5a00f049	0	HQ597162.1.1508
0a036f3f-cf19-47d1-a4d5-2c60b2025e8b	0	JN023504.1.1455
56c379e2-420a-4894-bb07-1af3aa7dc725	0	JN023819.1.1462
479b0533-0ae0-4752-8faa-79e4a2791823	0	JN023819.1.1462
4c2f482b-e1e1-4784-8a1b-e3e7c3e057c3	0	JN023819.1.1462
8b5e056f-a27b-4fec-a12c-47f0cb98303c	0	KU515466.1.1490
ad4495da-79d0-423a-a6ac-fce88c0f575b	0	KU515115.1.1492
72e2cb5c-544e-425f-9aa3-65f43f5f0521	0	KM656253.1.1444
34dfc067-9cd6-4c55-a9b6-98e3b843b89f	0	KM656253.1.1444
d59a2059-9bb4-4e9b-b777-cd1f03b43e27	0	KM656253.1.1444
fd6ccdb5-5226-4db4-8eb1-2d12d2f73aa5	0	KM656253.1.1444
c7077ccd-24f0-4284-a0ee-b655e194566a	0	KM656253.1.1444
445e2a32-d227-4efb-91dc-c6df1929a309	0	KM656253.1.1444
4cdce2fa-1864-4afe-8a64-856729df1aeb	0	KM656253.1.1444
9e6c2741-628c-441b-89ce-0aedb200ae8f	0	KM656253.1.1444
f3d7fdbe-f831-4f4d-b164-bc0a2dbcda87	0	KM656253.1.1444
68f594c3-d8c9-4c5a-8bdd-e935e95e050d	0	KM656253.1.1444
444739af-f931-4b44-880b-3c8c15b09207	0	KM656253.1.1444
7d3f989c-2452-486e-b0fb-95f82d2d6193	0	KM656253.1.1444
f7a772cf-a1cc-4a07-b3c9-5f8a0ba53c2a	0	KM656253.1.1444
bf9603b9-a130-4fd6-bc6c-ed59dd975001	0	KM656253.1.1444
74659ee2-6d13-4b62-9f38-e776348133a3	0	KM656253.1.1444
e1cfbe77-619b-4936-aec9-66e1d1167a66	0	KM656253.1.1444
2ddc5322-5dfa-4b62-9ce6-2581b7912c5d	0	KM656253.1.1444
670be2a0-8cac-46ed-bd06-07acf3cb76e9	0	KM656253.1.1444
b1767684-61ea-41d2-a6db-28f62f05c54e	0	KM656253.1.1444
6632566f-4d75-46be-98e8-50382df176a7	0	KM656253.1.1444
b635a1b8-fba1-4987-8c33-df2482f0d52b	0	KM656253.1.1444
1e48f9fa-5268-4631-92c8-64edc4b4b03d	0	HM270120.1.1366
530783b6-605f-4a79-85cb-5f1ed3eb8c4f	0	HM270120.1.1366
44ce978a-4cea-4189-8235-0ffd3ff99da6	0	JX098317.1.1366
71f6f9c2-9ef7-43be-8f44-b7459dd071fe	0	HQ597152.1.1502
6863e09c-ae67-42e7-b527-478f78938b9b	0	JN178803.1.1527
cd09d860-3d06-4f0a-91ac-1714fa96e69d	0	HQ674918.1.1507
fe81896f-2bee-418a-8889-f6bfc337bf25	0	HQ697446.1.1500
abb4bac3-8d8d-48b1-ab1e-d1e661092e3b	0	DQ451526.1.1504
647944a3-cd1c-4681-915a-7752564c4dcf	0	HQ697470.1.1454
676ddbe1-44f0-4a70-bac1-f5e4ba3cdbae	0	DQ303350.1.1447
ccaa0e9d-f7c0-406e-b24b-9da7bb09c1a5	0	JF124258.1.1325
5f2ea972-609a-42b4-b390-865d63e83e96	0	JF124258.1.1325
581ec67e-e072-4ff3-ad79-44cecf03604c	0	JX133373.1.1495
5d978fa3-4626-4925-a3b5-4cdf360a7bab	0	JX133373.1.1495
73d054f6-9963-43c1-86d7-ff0b0478b361	0	HM243790.1.1463
f7d67ef6-a35f-4b29-9968-2433eac62f29	0	HQ598660.1.1508
f1848e47-f624-42de-90d7-481162c103a2	0	HQ598660.1.1508
10ac16e9-a2c1-42ca-9135-0f7ba9b3926e	0	KU578798.1.1336
6268b69d-6a33-4435-92bc-58511c7f1565	0	KU578798.1.1336
d6c767b3-6445-4eba-ac9c-d526ef0216c2	0	HQ674840.1.1506
fee155c8-d120-4fbd-bff1-e6972db8d6a4	0	KR559997.1.1477
fcaa7838-ef19-42f7-ba42-1aaac527aedb	0	GQ262993.1.1463
0377d3e1-ef21-4ae5-b6a6-f729c52e93c6	0	HQ674908.1.1487
77b064c1-b96f-4c1e-a8c4-44d2ea50c7ff	0	HQ674908.1.1487
6a8c7656-f99d-4bbd-9265-4ba5ee8a65ac	0	JX133650.1.1498
174005ae-7248-4248-85bd-55ae7718cfcb	0	JQ979006.1.1510
47f1efef-4036-40be-9e80-40b9a266088a	0	JQ979006.1.1510
7a18d808-ec2d-4d6f-9f85-d73d3f61d115	0	JQ979006.1.1510
79201b14-8bc4-4d24-a1f9-c60151a71012	0	DQ451488.1.1460
c0628611-9531-4eba-9208-493ad9c695fe_1	0	JX133395.1.1487
d0972ac8-d608-4fa1-97a8-f17a2bde9a63	0	JX133510.1.1449
1f4a432b-20ac-48e1-8607-a50c2df6ccec	0	HM329482.1.1318
409ef8b0-c963-4767-b753-7b4ef89b257b	0	KX239054.1.1486
5dfaccc1-a967-494e-ac0d-16d02aa55d40	0	HQ598310.1.1457
4378544a-2130-44f8-9a44-6f38e4307dcc	0	HQ598310.1.1457
7b377861-7c23-4cfd-9d74-f8e4e50f13b5	0	JX133361.1.1474
ed3ed3aa-2193-4d05-808c-7ae6a1aeaae9	0	JX133361.1.1474
169383fb-198b-46bf-b06a-ec4b986e3ff6	0	JX133361.1.1474
20c0cef5-5d77-4f05-99d5-786235213c6e	0	HQ721165.1.1316
88b1c544-b26e-4547-a79f-e9525e301185	0	KP150674.1.1484
01934d0a-7c38-4b24-8d6d-1fb62197e750	0	JQ861399.1.1462
af1fe93b-5559-4eb6-b7bd-44792532eed6	0	EU669180.1.1551
0b5fe76e-4c68-4bf0-aafb-6a7bb2f02cdd	0	EU669180.1.1551
fe433291-663d-4026-a012-81b23c33f369	0	GU598900.1.1516
f914456b-b647-4355-9d71-2d9e807867d0	0	JX133372.1.1493
fcbde2f0-ab1a-453e-9125-e8c82181b7af	0	DQ125684.1.1476
3155670f-7440-4501-8818-678baaaaa79f	0	JX133612.1.1489
3b9bcf56-0e52-4ce0-bd5c-587a4b8c04f4	0	HQ598780.1.1473
6fdc2260-f962-4208-98ff-222613604a24	0	HQ598780.1.1473
e520d08f-ec6a-4e27-b555-9d732cd41ba8	0	HM318930.1.1350
a5006933-0548-49d0-90a4-d917c28d970f	0	HQ622736.1.1513
3231cf80-5088-41a2-8036-ecf9a6a02136	0	JX193383.1.1543
75ade15e-0fa0-4c9b-a2fb-130967c9c6c6	0	KF956776.1.1443
cdc998f2-868a-4f3f-8ce6-a930895d106e	0	KF956776.1.1443
bc272958-1748-42c0-97f2-893bebbe7cf1	0	HQ674907.1.1496
365060bf-58a2-44b4-a292-7c65697f20c0	0	HQ674907.1.1496
99fa1483-69b5-400a-b86b-4fee350e2d8f	0	HQ674907.1.1496
3ff88511-ecca-400e-b1b0-a85930be1cfb	0	HQ674910.1.1487
17052ad2-b17f-4a05-b4f8-e98978d55207	0	HQ674910.1.1487
9e16b384-7888-40a4-b7bf-d4075caddd05	0	HQ674910.1.1487
a076c9c7-3887-4eea-9923-28708ef49eb0	0	HQ674910.1.1487
c73fe6d8-183d-4c5e-b31e-ea5d43acd5a9	0	HQ674910.1.1487
99bea282-8285-4606-b682-d86059c218e9	0	EU589308.1.1526
907df297-e36d-455d-af72-ace2301a2715	0	DQ984564.1.1482
30d83af5-e670-4881-a9a6-d80e7ed9641d	0	JX133606.1.1459
7987e188-31da-4e7d-b9de-285ee2d3e14c	0	JX133648.1.1495
6b676c1f-3a5e-4ca9-8acf-97d2e59196ae	0	HQ674880.1.1498
d11b768c-7612-4b5a-a6c3-adb5c3ce2484	0	EU669606.1.1492
30a3c959-91d0-4c68-9596-8d1bf4305e03	0	JX114423.1.1480
ae35ff1e-c762-491a-b13f-aefe7ca43561	0	JX133437.1.1508
7636f2e6-3b86-4ee1-b62d-27c277c71009	0	JX133437.1.1508
18ba8ec3-1a51-4b81-9b2a-60daaf9267dd	0	JX133437.1.1508
705d3738-856f-4356-a81d-8df854f158cc	0	HQ598441.1.1482
10e74043-df78-460a-96c2-8c0463d0e928	0	HQ598784.1.1441
c7d7a8d3-4dfd-46cf-865d-d093155e4488	0	KJ192116.1.1467
5a1e84bd-4d7a-409a-8c02-2a870b63ad18	0	KJ191970.1.1450
405538e4-320c-4d51-a637-dcb45e025a0a	0	EU817577.1.1507
9087d6ab-a743-4a5c-8682-45851b725de7	0	JN408890.1.1456
762c76eb-a42a-4a8b-a970-5380a2e34b79	0	KF080534.1.1371
6c4fe1cf-028d-4188-909a-7bcd2ccc25bc	0	EF018988.1.1347
d78daf9c-b9cd-4c49-81fb-915603d84572	0	KX508380.1.1480
2b5d8f71-4122-40d8-b147-1768dcc4f5af	0	KF182253.1.1493
d6644519-b9d0-4092-8e13-33c151d4989f	0	KF182253.1.1493
7e3e9a9e-66da-4783-b6c9-c82dd0b54bc0	0	KF182253.1.1493
9d53f8e3-6410-488f-8d86-ad09dcd2e121	0	KF182253.1.1493
5005664d-83e8-46d4-b6e6-03836c1cbb6c	0	KF182253.1.1493
d4b65783-61e2-4b6d-bb5e-8d180d57c664	0	KF182253.1.1493
afaf8399-c782-470d-ac73-4c181621e066	0	KF182253.1.1493
12254bf2-f6e9-42b5-81d2-181cfa49111a	0	KF182253.1.1493
ed5d4a96-6bbe-4991-9132-7e76f17c2994	0	KF182253.1.1493
509c2ec2-8d12-44ce-903c-b27edcf670db	0	JX133601.1.1463
4bbb59c1-588c-469d-84d8-d59665384808	0	EF018838.1.1401
ac4358b7-a820-4799-a58a-0a9be5f65df3	0	EF018838.1.1401
2d544d00-33a6-431d-927f-d834c8b7333b	0	GQ093878.1.1371
b6cb7067-352a-409f-9327-35132b11d177	0	DQ823204.1.1464
1fde3f41-3da3-4c69-bbcf-0bfef86b58ff	0	DQ887956.1.1485
4667c1cb-7c1d-4b7b-a182-92757fadc174	0	JX505095.1.1430
58f7b908-dcec-4236-a782-77b3f669e3d3	0	JX505095.1.1430
7d4b01e1-8b85-4065-b980-1160e421afca	0	EU881243.1.1513
56da91c6-d4bc-4f95-a52d-54883b28406b	0	EU881243.1.1513
af9b0b31-98fd-4aba-9940-a6f28101783f	0	EU881243.1.1513
83753f51-0e29-42fd-ab64-036e5ec3ad86	0	EU881243.1.1513
505f4a22-c319-47ac-8bd4-5fd5f9d16487	0	EU881243.1.1513
a14e66e0-a23b-4026-917f-a53ccac49c36	0	GU727722.1.1508
bf05b2f3-6c77-4157-b571-b07c31dc76f0	0	KT122365.1.1521
e7e90fa9-93a4-409e-93d0-6afa121b1943	0	KT122365.1.1521
b6817340-ad72-46d3-862b-41eab62adcb5	0	EU775216.1.1360
081ef68d-14d3-428b-a896-b6e5f095ad42	0	KF101306.1.1308
2891a5b5-bece-4da7-bf8d-a5c0031a7d7d	0	KF101306.1.1308
fd6127ee-a0da-4c4f-a4bc-0ddfa0d34a92	0	KF101306.1.1308
9fec3200-f1f8-4a02-a16c-4b3f3ebaf368	0	DQ906902.1.1472
6a02d520-fefd-4aed-9b88-2f9c68e585cc	0	DQ906902.1.1472
1deed039-378a-4cb2-b2d6-6bf102ad26c8	0	DQ814045.1.1421
5fe94b6c-ed46-4fb0-abca-53ece5391bee	0	DQ814045.1.1421
e69ad695-fbd8-4479-9474-556e7069f270	0	HQ674914.1.1480
414b7c07-df0b-444a-81f8-8aaa5dd5aead	0	HQ674914.1.1480
5b6d83d8-11ae-4601-8f77-f4cc2c98396a	0	HQ697458.1.1454
e25ee4a9-5a70-4043-9aba-a72b45f19d77	0	EF018435.1.1352
272cb099-3f7c-40a1-923f-badf3acb8481	0	EF018435.1.1352
e9caed30-df50-444a-9240-32f5b722809c	0	EF018435.1.1352
d9442ff1-a3ba-4f14-b4db-961015352eed	0	EF018435.1.1352
36a1b1a2-6131-4a54-b1a9-25feaad65366	0	EF018435.1.1352
742381d4-0210-4acf-8eaa-ea26b671433c	0	EF018435.1.1352
0bd7210f-4a2e-487b-9179-a3e4c9387b8d	0	EF018435.1.1352
5ef6743d-c597-4b68-9094-806b0673bf03	0	EF018435.1.1352
7a3601ff-1eb0-4c18-85d1-89bb245f5834	0	EF018435.1.1352
0cff271c-0a15-43f2-aab5-b3b8b3f0759d	0	EF018435.1.1352
2c3c029f-7e14-48df-852f-92eedc4cf1cc	0	EF018435.1.1352
f5ec19c1-20dc-43c9-b6e2-e5177a56a1e9	0	EF018435.1.1352
75787d36-0afe-44b0-a1e6-cd8b9d0ae4a8	0	EF018435.1.1352
bb116e9f-b6a9-4889-b4a8-fe198174d0ac	0	EF018435.1.1352
89fdc6a4-f1b8-4ce6-8d70-8b3ed973d342	0	EF018435.1.1352
bd6ab687-2256-4c43-be74-bb1d6e606e72	0	EF018435.1.1352
4e376232-4467-45c2-be81-3428d848e195	0	EF018435.1.1352
f3671677-b810-4fd9-bbc8-1382b6a43bcc	0	DQ984565.1.1483
cade61f8-ab1f-46b5-85ab-dbd196301398	0	KT122307.1.1483
6a80399a-c572-4420-8bcb-cc7f8b589a14	0	KT251051.1.1500
d1c30909-f0d2-4714-bba4-d355b50f4cb7	0	JN867703.1.1370
77c06323-97ba-4fea-bff0-8678d0ff2e99	0	CP024906.2722083.2723623
4c887102-827b-4e68-9941-6e4b355bb3f5	0	EF019199.1.1351
f7a17224-2938-4e95-a0de-7d5d6500e81d	0	EF032767.1.1441
b5250d9e-691d-43c8-9a28-036f1c9768aa	0	EF032767.1.1441
d2c799e9-e624-4fbc-9b9e-df5047116400	0	JN409036.1.1468
643ce9df-5768-4bb4-9082-718a3af057d2	0	KF182219.1.1502
76e7b474-6605-4444-9d5a-68b1443f7e14	0	KF182219.1.1502
daa396b8-1bf9-45f9-88e3-0a3073b99e27	0	KF182219.1.1502
57d99f4b-1785-478a-9f53-7ebbe25f72e9	0	KF182219.1.1502
bf4cb20e-b5bc-42cc-bf3d-9873f4688b96	0	KF182219.1.1502
c688516f-998a-4af9-8766-7a97d0f301dc	0	KF182219.1.1502
35321730-031d-49b5-8090-75287ba10a74	0	KF182219.1.1502
cd9d0a5d-3227-40fb-97d2-bc3c9a447952	0	FJ478493.1.1448
549b2870-c76e-4ee8-ab99-595948458de1	0	FJ478493.1.1448
fa9a277b-821d-40e3-a4c7-851a997d0f63	0	FJ479333.1.1448
5f90bb3e-af58-48e0-8197-e48d4b2f226a	0	GQ264480.1.1287
271aba74-cf88-45c0-a69a-6c7626e8b6b3	0	CP010951.2496980.2498522
17f4e608-531b-49f3-9551-ef8f12da53c1	0	HM340950.1.1344
47450494-cad6-41e7-90f1-57b301e25163	0	HQ809717.1.1442
f6481493-7f80-4e66-8713-fb8956f2f102	0	HQ864101.1.1520
e2a9dbd3-f834-485b-858f-3db86bd5d15f	0	HM366470.1.1497
86b9b5bf-fe4e-4e06-9625-b2bc43fba3a1	0	EF018499.1.1391
06d5e874-1240-4c0c-85a8-d4f965fa3c0b	0	DQ984571.1.1454
ab1f8d53-06b0-4d73-af32-dc1b6201ba70	0	EU881281.1.1519
ec1024e4-dbe8-43de-8d82-aa8a83ee5de8	0	EF018393.1.1395
da92fc66-cd35-47f6-b691-466871b305d4	0	EF018539.1.1330
9fb6a14d-7d86-4615-9437-2269f0d4590c	0	CP010951.2502466.2504008
9bcd965f-6137-42e9-b125-078a63cdaa65	0	KF385221.1.1512
172564ef-0a65-4e88-b8f6-d3f8d443081c	0	KY313610.1.1529
abb4f9ad-d395-4032-9df8-0d08c2a1c790	2048	KF799088.1.1516
27ddf676-4569-47bd-87a3-86a82fde1384	0	FJ625372.1.1495
2718d7ad-9fdd-4a4b-8fbb-cda339e17950	0	FJ625372.1.1495
d69001b8-119e-4d81-b50e-a6e0c915c34e	0	DQ337578.1.1442
09ba252a-324c-4c5b-9c07-e533d636c160	0	CP011390.1745603.1747143
e363a9e9-7b57-48e2-8ae6-56961d4c41c9	0	EU861820.1.1488
898cfec4-d9fd-49f2-915e-5e331c6479cf	0	EU861962.1.1512
8b50dfe2-3228-4e6a-97d1-76ebd0ef02cf	0	EU861962.1.1512
dac15548-bce1-4355-88da-585eda132715	0	EU861962.1.1512
85552efb-2669-46d3-beb3-4a3475fdb9cd	0	EU861962.1.1512
6850d48f-177b-4041-97d1-40969a1baf28	0	EU861962.1.1512
73f28ade-1a4e-414b-8699-1f907e6c2e31	0	EU861962.1.1512
d3ccdb35-ab3e-43b0-9799-7d449c1f8205	0	EU979051.1.1524
0e5b30f7-5851-42e8-bfb4-51e8b81ed5cf	0	EU881251.1.1522
dae19c4b-04fa-4cf8-800f-dc70ac648af8	0	HM459643.1.1468
e50a33e0-faaf-4a3a-a3c4-7fd818ccb1aa	0	HM459643.1.1468
4eb07790-299f-46a3-8da4-361bb4432f4f	0	JF145603.1.1366
94c7502f-40d4-4ffc-b1c6-43dc5029d00a	0	HM836186.1.1351
c9d2d97d-0c3b-4932-a773-55663e9e9ea4	0	FJ004798.1.1318
8be93376-253d-4734-bf72-62ebece35d65	0	EF032771.1.1431
5324ed0b-9eee-4fe0-b050-e0c9da579294	0	KX035424.1.1506
b02b8545-d14c-4466-a337-f0a33236516a	0	KT759366.1.1469
6d6ffa2c-a65c-4960-9bc2-a32e051dfe07	0	KF494499.1.1520
58a284ac-d613-4716-a154-ad1fa8fe9e4f	0	EU881235.1.1452
e27f8356-773a-446e-9f6b-e7c1f5150711	0	HQ910292.1.1498
0ba5de47-0320-472f-9e86-4f387942a989	0	KY992597.1.1489
157c745f-ce30-45d0-abfa-268e7d255fce	0	LC026868.1.1444
2a6c699b-64bb-4f97-9b37-dfd08f009f1c	0	JF417752.1.1492
d0b4ea13-d400-4839-8532-2c29c2d4d161	0	JF429093.1.1521
0780e64b-56e1-4a61-ab69-10ee8d187a34	0	JF118257.1.1320
06aeb64d-47d8-4a5d-b6e4-cd15aaab0f59	0	KX507547.1.1491
c084b85e-366f-4f5f-8ea9-e6204bf9ff91	0	KX508283.1.1490
9fa25728-6c6f-4bef-bdfb-b2e79983aa1f	0	KX509494.1.1491
b00f2244-ddb4-4f64-bd48-c31d35473cbb	0	KF956777.1.1476
4c8edfe2-b190-4be9-a14b-8d23b4a4093c	0	GQ264304.1.1465
9aedf828-f2e7-4aab-9463-4f016b55f578	0	FJ228289.1.1456
5a6a675e-d48e-4370-8665-a4c7d1597a75	0	JF429019.1.1490
da429a34-7f07-4a91-a744-8a362736de06	0	KJ191822.1.1476
c3ec41db-473e-4888-a2f1-aef6024e25a2	0	KJ191893.1.1452
71bf64fe-46a5-4aca-83d5-842228e6214d	0	KJ191963.1.1452
808a3949-e902-4361-a14a-a7c906359d02	0	EF125937.1.1468
94efbeec-79d9-4dcd-93ad-6c331a129f71	0	KJ192160.1.1465
b2288cc2-3950-469d-9e80-73346fca35a7	0	KC011125.1.1493
c6a5d7c4-e6d0-4e64-b509-2c4af3a4e188	0	KM823686.1.1495
afba38e0-2911-42ae-8dbb-f6a4f9824a13	0	FJ152820.1.1504
7fef0f29-5aed-496c-9401-797a39b0433d	0	GQ302524.1.1453
4662d0e4-a130-422f-9c68-17f7470aac0a	0	GQ302524.1.1453
8a060d51-a3d3-4263-847f-d394211d4173	0	JX489908.1.1514
fd544138-ec02-4145-9040-04374414fd29	0	KP150939.1.1491
ad91e91e-e14a-4e0a-bc84-99bef130874c	0	DQ984568.1.1453
ffdf7ba9-ead3-4bf6-9052-6b46495940eb	0	JX505096.1.1425
748f3cc5-9364-43f8-81ad-95080d5cddb2	0	FJ193060.1.1440
7f9d48d8-8f3f-4999-92fa-418eae38db05	0	CP011114.4203702.4205267
0d8ff05d-80b1-4cdf-ad22-1214e96955c8	0	KM978277.1.1550
00489c2f-01b5-4b78-9710-aeed7f682ee3	0	EF019513.1.1338
902be48d-3dca-4c0b-8d9d-5875d7373266	0	KX239046.1.1449
b248ef3c-32b1-4e06-b341-da11f8317b80	0	KF712637.1.1500
19dfec9c-037a-4975-a4ed-7e519b7e2028	0	KF827074.1.1400
512939f9-2295-407d-b626-326378dc719d	0	KX508771.1.1490
a9dbf545-bf10-47e9-a5c5-c80bbb145d1b	0	GQ402800.1.1424
5a4535d2-8a48-4a62-b9aa-acabb502546d	0	GQ402800.1.1424
3c7f0f10-11cc-4a46-b0a4-0c2c64c6b637	0	GQ402800.1.1424
fb965b59-9d05-40b2-939b-0ce568ef1058	0	GQ402800.1.1424
862cfc01-6e92-4220-a49f-9c3457b1af6e	0	GQ402800.1.1424
072bf34a-b520-4782-a273-f44c03f39015	0	FJ152869.1.1440
19ec51fb-0d5f-4b8d-aec3-d186c35d3088	0	GQ339167.1.1460
c03a14c0-a001-49f6-8974-97cbe606ce4e	0	FPLS01015745.10.1430
75d3b6b6-bdb9-499c-a723-1beb3b1fc873	0	KM823712.1.1493
6e1dfdf9-95fa-4593-be91-e691793c7df7	0	FPLS01015519.18.1480
2154260b-ac23-4ff9-a54a-e2dd3769f453	0	FPLS01015519.18.1480
2932610f-97d6-4779-ba59-d2b711b8264a	0	KF912976.1.1504
065d2cc3-985e-467b-a875-401c4bea4ca0	0	JF188917.1.1370
f5dd53c7-f24d-4369-9dcc-2069a1787a46	0	JF188917.1.1370
d1234bee-a0aa-40e9-a848-fc7c2b861e4d	0	JF188917.1.1370
527d004d-f505-4608-9977-485a49789b6e	0	JN540279.1.1478
4cd9f5a4-b2b4-4b5d-9e94-96db013f78b1	0	FPLS01037686.9.1492
7bbdb91b-178d-4d68-a5db-20cc4a052eca	0	KX508683.1.1490
35d4bebc-d442-4d6f-a4d4-600579e29e1f	0	KJ191833.1.1481
90bb367c-2e32-4b42-9b9b-1f802b3528f2	0	KJ191833.1.1481
86685a1b-b165-42bc-bec6-e145da2f647d	0	FPLS01024981.13.1527
48ebad76-677b-40ad-bb7b-740f1de763d1	0	KJ191774.1.1463
366f8891-dca6-4a90-9f00-b671a29931c5	0	KJ191774.1.1463
5c5f35bb-3885-4a75-8ddc-ae6bb95fd606	0	KJ191774.1.1463
0854a050-5573-4b63-9ebe-1f191d6f0c7c	0	KJ191774.1.1463
83c26f63-6e6c-4670-ab0a-6a39b19cfb5e	0	KJ191874.1.1505
35926fe4-7320-481b-aac8-fbebd753d727	0	KJ191874.1.1505
4f0f3466-0a82-4783-ae90-610f483382d3	0	KJ191874.1.1505
062d4f3a-a9d7-450a-ae75-8f9829f90208	0	GQ264066.1.1426
10b774d3-87bd-4d94-bbc5-7cd33b5f85b0	0	GQ264066.1.1426
1893befa-033f-4dc7-8da3-057d764eb6ad	0	EU861926.1.1480
30508865-780b-47d2-9532-363264030441	0	JX504999.1.1425
78cbe540-275a-435a-8e7f-302a632ab6b6	0	JX504999.1.1425
5e1d09a5-fd25-4a68-808a-468bc21cb27b	0	JX504999.1.1425
0c9e0f66-1f8d-4e78-bf0c-1ab7dd9f5bc5	0	JX504999.1.1425
eabfa2b5-381f-45ba-b2b2-919f1acdf9e4	0	JX504999.1.1425
2036691f-5f36-4137-a3a2-1c4d3d9d4738	0	JX505388.1.1511
f24ebe8b-276d-4851-a925-78658ddc288d	0	KJ192088.1.1494
c4d6e96d-8440-4105-9b5f-8b6c0d8eebac	0	GQ402615.1.1407
d25e25eb-697d-43c4-9ed4-9a89ac379abb	0	GQ402615.1.1407
281b3e6b-b51a-4c69-95bc-21825618eae8	0	FJ466095.1.1398
cc4bdf51-1068-419e-bf4b-c5701366c0fd	0	KF912991.1.1517
1100fea5-3de1-4432-8bde-45d954579103	0	FJ466185.1.1457
33257fd9-1818-4dc9-982e-4200932b5c0f	0	GQ397067.1.1531
77628b6d-f13d-4b47-89c1-e808b7566242	0	HM558381.1.1380
8445284b-004a-4868-a983-8daa6596ef8f	0	KJ191921.1.1492
0a2466fe-75e8-408a-8cac-5ad541b0ffce	0	KJ191921.1.1492
8e56764f-0791-43c7-a0e2-854ab4d6997b	0	JNIJ01000042.31324.32792
e90c46cf-3436-40ef-a362-adcefa7f0732	0	HM366506.1.1460
07c6ac27-18ee-4a03-ae81-2af97a73f18d	0	GQ396888.1.1499
6e1556a0-a4dc-4a5d-8cd4-3d1445a51139	0	GQ396888.1.1499
4a846680-ce28-4658-ad74-9706673b1bb2	0	GQ396888.1.1499
14d309bb-df58-437d-8509-956718e4959f	0	GQ396888.1.1499
275dedc2-d70e-40a9-b15e-7fcf3cc877d4	0	GQ396888.1.1499
d3913144-6818-4422-a2b2-d36e86d04104	0	KX753110.1.1499
04a88ac4-befb-4ac1-80f8-ad3159ced699	0	CP012333.5936832.5938381
d5becf44-ab33-45d5-a692-e0f851373726	0	KJ192098.1.1519
dcec8f4c-dc0e-445f-aad8-847b19c9b5a3	0	KJ192098.1.1519
e764bcc6-be36-42fd-8ddf-2a1986e00a68	0	KJ192098.1.1519
d586e08c-199e-4f9e-a505-b8fda961993a	0	KX823901.1.1501
9f02d88e-45ba-4130-a774-d4a2fde410f7	0	KX823901.1.1501
bc7c23d9-54a1-40ca-bd76-d977ec693332	0	JF116612.1.1374
fb00a15c-14e6-45a6-af0f-4ea888390a7d	0	KX508203.1.1492
6d138cad-a33d-4e82-9561-09e7c4ddb46b	0	KX508203.1.1492
8ad58c6b-5c30-469c-b055-bd83beda1e20	0	JX647730.1.1506
655d1937-9c93-4f1b-b1fa-8883cdeeb015	0	GQ448786.1.1410
7e2bda38-4431-4f89-b690-f4c995180a15	0	JF120886.1.1366
54e78248-fa72-4cae-a7fd-938fa372b8be	0	GQ402724.1.1406
31c8cf2a-5664-45d5-9ab4-6e96260e85f4	0	KF515268.1.1509
b4285b7f-deb6-43f3-b070-becab1288368	0	KF515268.1.1509
fddc9442-afb2-4fb0-a3d9-4bb1238fd20d	0	KF515268.1.1509
6555da94-b387-4c46-98f9-71ad396073b8	0	KP398522.1.1317
3e876c23-6d1d-49b6-a0c6-15284c0a246f	0	GQ402666.1.1399
a142c55f-be60-4494-8554-431b1ea9b639	0	GQ402666.1.1399
eb206324-0f95-4b07-a844-4cf9b45e6e1e	0	GQ402666.1.1399
5871059f-79c6-4f93-92ea-3d2c2a95cf9d	0	KX508180.1.1492
210a1df2-137d-4763-8f98-7dd412fb6c63	0	KX508293.1.1491
fc5123c6-6eb7-4931-8855-8c0509783409	0	KX508051.1.1490
efb1d0de-08e9-458e-b13a-8c0d3d022d75	0	GQ339148.1.1496
894c4fd7-d3d8-4a87-860c-097146aa79ac	0	JX505224.1.1432
096f87e6-857a-4bf5-93f7-101d7f61b471	0	JX505224.1.1432
ebf6918f-2637-46f5-9040-755a02fecfcb	0	KX508714.1.1452
6c8c9b5a-3a7b-4843-ad2e-58f4100dfc2d	0	GQ396903.1.1493
b37f33ce-f9f3-4b39-84d9-ea1ae9789498	0	JX505111.1.1469
662cf029-f0af-40b7-9023-29e6640a543c	0	JX505111.1.1469
aac2508f-4fba-453a-bb6d-861525bb2575	0	JX504902.1.1409
ba653fc9-af4d-4ec5-a21f-894768ee54a9	0	JX504902.1.1409
18aafa9b-e359-4765-a450-3a6bc1664525	0	JX504902.1.1409
938c83d9-7770-479e-94a4-bd6ba9f8350b	0	KX508098.1.1492
c431a5f9-eacd-4a07-9504-b4e94148bf74	0	KJ192094.1.1490
26540987-b402-4034-81b6-d3efa3db4440	0	JX505313.1.1466
ac80b21b-eca6-4dfe-8652-c8789070be37	0	JX505313.1.1466
d9fa52b6-30ee-43c4-813c-c677f2c8d583	0	JX505313.1.1466
1ab25d2f-54f8-41f1-b730-46f52f4abf7b	0	JX505313.1.1466
0d66341a-e6fd-4bd3-9527-6e2aaf994efa	0	JX505313.1.1466
e4cc1b24-5033-48f2-b024-9e72f5013391	0	KX242394.1.1524
f5831288-48b0-4eeb-9540-4362daa2e989	0	JF175439.1.1344
5977fe33-70c1-4e74-b445-35d876589722	0	JF187621.1.1345
9c12625f-8cf0-449c-b58f-9148394365d4	0	KJ191890.1.1454
ecc42f9c-4185-410d-99d6-f39f40a2efd5	0	JF145597.1.1366
35dbe713-9732-4b05-8a13-1c0ba185a2f1	0	JX505366.1.1456
a2ec90ac-aa0f-4d40-b439-364d9660815e	0	JNLE01000005.1323477.1324990
56e6f061-263f-47c8-b836-d56545abb295	0	JX505168.1.1467
90d51eea-c6ac-48e0-a508-b801c710e23a	0	JX505168.1.1467
29372cd8-8215-4ef6-b25d-d7adfeab7bb3	0	KJ192099.1.1513
e4df1d0d-60a4-4d89-bcc5-8597e5938319	0	KJ192172.1.1472
4ba91b19-c961-43ae-bd02-f62aff63682f	0	GQ402631.1.1438
933c40d7-6e2e-43b0-999e-1dff011314ba	0	JX501975.1.1505
1e15a010-78d4-4249-b26e-eb8fc6ceb437	0	KX823799.1.1495
80c1b468-21a3-4735-bf1e-b23da55cec6d	0	KX823799.1.1495
7e92809a-e05f-43da-962e-452536876943	0	KX823799.1.1495
4c71a96c-8654-45c9-adca-fa3a40f615b3	0	KX823799.1.1495
df4b8f27-d5fd-4d99-b0a2-2b8160d76b3f	0	KX823799.1.1495
a99f4f78-0795-42df-9814-82ab3c64ac95	0	KX823799.1.1495
b402a9ca-30c0-4d3c-93b9-3995560eca19	0	KX823799.1.1495
8b39f230-33b9-4a4a-80d7-31e0b1c2ce0b	0	KX823799.1.1495
72765040-e463-4368-bc6c-26efb7bac65f	0	KX823799.1.1495
d2530522-f0ae-4f96-8ca5-5659af9cb6ab	0	KX823799.1.1495
37bbf95b-6249-47ce-a26d-9708657e1c31	0	JX489853.1.1492
fae1323a-c693-4ba2-ab6c-1b119f11ca20	0	KX823636.1.1463
847d2352-bd99-4f01-b868-860294b224d5	0	FJ466198.1.1477
490fc38f-96b3-430b-8b9a-272dd5c0bfde	0	FJ466420.1.1470
c2f2dd4d-50c6-4cdc-8460-a0ef4d637b74	0	JF204240.1.1362
a5091440-9ba2-4281-b595-61b4cdaea0a2	0	JF204240.1.1362
6cfc9db9-5cb5-417d-a922-f4782e9f0be1	0	FJ712603.1.1447
324746ca-4bdd-4893-8eb4-dd4fa26c8dd6	0	JF178921.1.1369
b657e5d9-649d-4e2d-9216-c2efcf1e6685	0	LC093161.1.1500
014b54f1-805f-4ed2-a0e7-384680f08408_1	0	JF417829.1.1486
34b81ae1-3c0e-4fa8-aeff-ef517d6c172b	0	KJ191776.1.1462
d003f0e0-6c67-4da0-b94f-c9c97b2d1789	0	KJ191776.1.1462
d679312f-4458-4aa6-8e95-98e12ebd212a	0	KJ191776.1.1462
fd41b986-4227-439b-bf82-76bb8e15f7a9	0	KJ191776.1.1462
53206894-99fd-447e-a8b1-49fa846edd54	0	KJ191776.1.1462
847874a3-9c47-421d-a56e-9585ed660ef3	0	KJ191918.1.1493
29656f42-53c3-43c5-876b-217750830533	0	KJ191918.1.1493
dde9595d-bd55-43e9-bc97-99e04325e054	0	KJ191984.1.1474
d3dbc55c-5b17-4e64-8913-5d481123f07c	0	KJ191984.1.1474
83a7f66e-7bf1-453f-9c48-d04262db6d77	0	KJ191984.1.1474
720b0c1f-7224-4633-8565-c38941dc6b8d	0	KJ191984.1.1474
cfa6c81b-3d91-410a-a6b5-fc7b903f31f6	0	KJ191984.1.1474
90040459-ca92-40bb-925c-6b0ea902cefc	0	KJ191984.1.1474
a360c935-f3f9-40a9-a7cc-c8d12441813c	0	KJ191984.1.1474
a45a9a4c-5730-4099-804f-156414d3f856	0	KJ191984.1.1474
3f7097b7-c7a4-4284-bd48-fcb777182a72	0	JF429044.1.1459
1f0aca31-d4b4-455a-94a5-8533f7b4cf99	0	JF429044.1.1459
6d722e96-66f2-411b-a875-2c4605d7a547	0	JF429044.1.1459
ef5bdcf0-312e-4bb9-b961-2e11247729e1	0	JF429044.1.1459
14d01fa7-0cea-4018-aece-addcf05d9968	0	JF429129.1.1473
db097398-b792-4bf5-8df3-16fb052c7a37	0	JF208112.1.1377
d1ba9866-973c-409a-a922-a7d08383d40f	0	JF208112.1.1377
28bd1b64-8666-4a3e-b425-af3ceeb79425	0	JF175210.1.1374
511ecd69-848c-4fcf-9c51-f3587b08dec0	0	HM996873.1.1427
4fb1a4b3-8b6c-4cdb-9962-e3ffdd59e693	0	JX505193.1.1409
718e2df2-81b5-4a0e-ba6d-fef77656c574	0	KX239211.1.1480
250537cc-f2a3-4cb8-ab05-e5dfe6848530	0	JX489956.1.1494
0b9ac732-ef65-4b97-9e39-2bc4b4f1bcae	0	JX489956.1.1494
8e75b704-caeb-42e7-892a-f8e6cabd5b2c	0	JX489956.1.1494
79555b69-ccd2-44cd-91c5-c3ecd2a1431b	0	JX489956.1.1494
3483d13a-6803-4c5b-a019-18e48384090f	0	JX489956.1.1494
9d6560ea-d41c-4541-a636-e3e50c53bd29	0	JX489956.1.1494
9ee48ee2-923c-43b1-9aab-f776c20a3940	0	FJ592906.1.1373
098ff042-f2aa-4983-89e4-c0d3ef3d3d8e	0	FJ592906.1.1373
4101f30c-259a-4066-a8ed-4fd79db94b16	0	FJ592906.1.1373
ff8f3124-dd82-45c4-b885-8f992950ffd7	0	FJ592906.1.1373
d1a5cf27-6b70-4edf-9585-5bd331d4e022	0	KX823685.1.1494
48e58868-99d9-42dc-b2e2-478ce32c446c	0	KX823685.1.1494
a425d02b-37ab-4618-90ea-591f36551ede	0	KJ192087.1.1491
6e8d22fa-e911-49fb-8765-2b7046d5dd98	0	KJ192087.1.1491
5ce38213-0038-4270-a1ab-f8e62ccbeefc	0	FJ478915.1.1509
6959a178-39db-4585-a285-1c4497f32b42	0	FJ479261.1.1485
0f4b1f38-5070-4bef-af94-9372d98a0057	0	KX752938.1.1499
144794aa-2a29-4947-a88d-fec2bd884661	0	JF189003.1.1358
21ecc551-f9e1-47a7-9899-6d5999e7f072	0	JF189003.1.1358
6bc90fdc-60e9-49d1-97fd-eea901c0992a	0	JF189003.1.1358
e71ac7d8-50b5-4595-a9c1-ee40bedb9ed7	0	JX489999.1.1505
b46f6593-27c5-4981-9d2b-7748c696eb82	0	KX507708.1.1444
f75e7c4a-22d9-45a2-b468-fa6aab84d732	0	GQ402560.1.1424
97e1a365-68b1-409a-a453-1b347d595688	0	JF222368.1.1366
dfe11274-3bdd-407f-b59b-290f3c3ecd97	0	FJ479495.1.1491
b575beaf-7c39-4f0a-a9be-845fdb8b08a3	0	FJ479495.1.1491
08261294-a975-407b-881d-fb9a53abe084	0	FJ479495.1.1491
4db89f59-23df-4f6b-b532-61ed37b6e1f3	0	FJ479495.1.1491
a0b4757f-93da-4cb8-b9d4-904b5c8ba893	0	FJ479495.1.1491
41aab042-1847-415f-a658-93c263c8f608	0	FJ479495.1.1491
ad603849-e710-4ab8-8662-8399dd9cca66	0	FJ479433.1.1494
613a5616-1b43-4fdc-863f-47a99fa0f3b7	0	JF189023.1.1354
375eddeb-d80e-4e34-b406-e7f86143ef80	0	KX823783.1.1512
9b304c6e-e38f-4fb5-b65f-112c9c84c933	0	KX823840.1.1461
40b1a17b-8cb7-4940-9395-93fcfb8a3be3	0	JX406226.1.1490
f3137392-6f28-4fed-838c-63f5efd6d05f	0	FJ466080.1.1463
9368df40-a850-48ff-ae15-a177e1672141	0	KY992640.1.1461
fceb0a79-f76a-4797-a491-973c5836bad0	0	KY992640.1.1461
4261975b-5888-4758-a5e6-cbbfd76078b6	0	KY992640.1.1461
3accb4d8-6d53-4d35-8a35-09417c8b20f0	0	JF428974.1.1494
50d06d62-4f06-4fd5-949b-217b4a77868f	0	JF429074.1.1521
f292e9d9-a318-47ba-91f8-5e3805f780aa	0	JF429074.1.1521
be97d72c-48a9-499b-a663-1120c4a2dd5e	0	FJ479473.1.1515
28728ce2-4eeb-467c-a8ab-0628866aba19	0	KX753034.1.1486
5b0df4e8-981d-4095-b1ef-735c405b9a0c	0	KX753034.1.1486
6f730ead-ddf6-4d28-af06-563c221107f0	0	KX753034.1.1486
2bcc8520-6804-4cd8-a08c-a7e68e51a566	0	KX753034.1.1486
b7937e0c-9ad9-47c6-8cf2-704bd2990fb4	0	KY287372.1.1494
c416da29-5a50-40e7-a24d-67a492d7e489	0	FJ466008.1.1420
96500656-a146-4bbc-8763-a8b67a9a21d6	0	FJ536879.1.1446
a163263f-0815-4e3b-b898-daf5430aea72	0	JQ013160.1.1501
bad511e7-aa9e-4646-bca0-b77c6bf58d4b	0	KJ191878.1.1479
c88e6b8e-7fd4-46c9-8293-f6473a244ec6	0	KJ191878.1.1479
25d19737-ed9f-46db-8a19-eb5097eb8098	0	FJ478967.1.1448
8901c292-f0aa-4ed1-aa16-6dece31e193a	0	JX505156.1.1422
5652e10c-36cd-4dde-8392-80aa6c56a2c2	0	JWHM01000049.80.1598
68553c84-f877-435b-8c9f-7f8f0c0c5c7b	0	KX823841.1.1517
cef43318-dbfc-404c-82a1-a99cbd00f87e	0	KX823841.1.1517
d65b7e20-5849-419a-9446-b7209c1b4956	0	KY287400.1.1502
7b074378-077f-442a-85e2-5006f0c91c13	0	KY287490.1.1494
e8cfed6d-8aae-41ef-8025-fef008b062bc	0	KY287490.1.1494
8600b283-1df1-4152-a6f0-d1b0f643ad36	0	FJ592886.1.1369
0b22c384-b0f5-4e2a-9f1b-6a955bb5f181	0	FJ625322.1.1433
6ba2aeea-0013-4945-9c8c-767bcba69d4a	0	FJ479206.1.1448
e33a87f1-edd6-4be1-861a-f37b6f80cbd1	0	KY287516.1.1513
6f75b23e-fb4b-47b2-a3b7-bcb2f1b6dfc9	0	FJ466191.1.1384
4dc23af4-5637-4b43-b45d-78317138d0a6	0	FJ466191.1.1384
dee4611b-e850-4af0-82bd-8b8db6c3d4f2	0	KX752932.1.1445
6d253bb5-6ea0-42fd-a7af-04b0d7e863ec	0	KX752932.1.1445
8a045f1b-5ab5-43b6-b3ae-e62bb601ea14	0	KX752932.1.1445
cff07c43-ac62-4ae6-ba7c-18454b104793_1	0	KX752932.1.1445
c5dc7eda-1149-476d-ab2b-cca1a64cc701	0	JN868914.1.1510
f80a7cf8-754b-41db-bb1c-aa7691ebc85a	0	FJ592807.1.1381
8b7743df-bea2-4c3a-ab75-6eee78a41773	0	FJ592807.1.1381
93c6818e-d873-4e71-80d5-059ed262df85	0	FJ592807.1.1381
c3cbb34d-1805-466e-912d-58772571880e	0	FJ592807.1.1381
6ea60dd3-ac88-4b80-a48c-4261f4a62001	0	FJ592807.1.1381
f825ed41-0bdd-4ee0-bbb7-e85d6258736b	0	FJ592807.1.1381
cac266c5-e42f-45f2-a05f-c286a92fb374	0	FJ592807.1.1381
9054f204-8d23-40f2-972e-1c283c8568f5	0	FJ592807.1.1381
2290a08d-ba18-479d-9e8a-52d4e0c67573	0	FJ592807.1.1381
77cdcab8-d7b0-451a-8847-6e3fcdc7d7c7	0	FJ592807.1.1381
8cb720c1-dd6b-41f4-974d-9ab421fb3472	0	FJ592807.1.1381
d18539f6-d4ab-4c0e-a9c2-d42c2c3e699e	0	FJ592807.1.1381
2aac1e07-db08-4021-983a-55f995d78e14	0	FJ592807.1.1381
0c8fe0e6-ccb0-4d76-a3b0-1cec31cf9e1e	0	FJ592807.1.1381
89b0dc45-fa6a-4e8c-85bf-83b5b0ae876d	0	FJ592807.1.1381
f144a8d4-91f9-4405-87f1-af9691143135	0	FJ592807.1.1381
1ac2228b-5427-4338-a21c-67963a07a3ad	0	FJ592807.1.1381
1d13af41-c1e5-4770-ac8f-6be49354cae6	0	FJ592807.1.1381
0dbd66c8-2c84-4eff-a1ae-41cb231d27de	0	FJ624932.1.1485
e92e7714-a44b-45e1-b9d8-1d5e24f3e30b	0	FJ625330.1.1437
82b19717-f4ad-458f-b489-1903d73ca64c	0	DQ432053.1.1478
aeb21ab5-c4a8-4133-a621-c70d94f9810c	0	DQ432053.1.1478
0783f467-e854-41c5-8cd1-fb0aa15e4e35	0	FJ478533.1.1448
685c8ffd-a89d-45ce-8724-17c1a837f09a	0	FJ478533.1.1448
4e8482b8-8de9-48f6-9cdc-24e247abf0a6	0	FJ478868.1.1448
6344e37a-15d2-4490-a658-3477c56e7fb4	0	FPLS01040915.20.1554
547183b1-424c-4e02-95e9-ab171a6c493e	0	FPLS01061900.16.1530
c6b21734-13f5-42c4-8b8d-a5d7dbbf019f	0	JF428964.1.1464
36184211-e4ac-4025-801a-538d2b19edfc	0	JF428964.1.1464
d37a59e5-7306-4439-aa4d-bf608d2a759a	0	JF428964.1.1464
464f60e0-8abd-45e0-bbb6-79f91a4a1484	0	JF428964.1.1464
59d1974f-11f7-4bce-8330-cb1c59d0f78a	0	JF428964.1.1464
cd1d8353-ab9c-4a63-9fa1-e2b52e68df92	0	JF429378.1.1494
3e1770d5-ace4-462f-ace4-d38f72562a6f	0	LC093156.1.1503
9cbcb7af-70c9-4459-96e1-d218ac3ee219	0	LC093156.1.1503
1bab3596-2893-46c8-b485-7765a4a15477	0	LC093156.1.1503
e9d51d1a-fe21-4460-bb4d-edddf7d677c1	0	LC093156.1.1503
43e60c14-f95d-4d90-bbd5-b0c2f5178f4e	0	LC093156.1.1503
ae2919a6-f875-425a-8043-d35b678e6701	0	LC093156.1.1503
53d19a69-6e86-44c8-aa5f-9c7c6757cfcf	0	JQ087007.1.1432
28c59a87-4ecf-46e6-9bab-c39bda7d000a	0	FJ479044.1.1449
c0d07070-3eb4-4c6b-b95b-5eaa3abf5a2a	0	LC093162.1.1498
6b4025af-1ead-40f1-86d0-70b77ce68432	0	LC093162.1.1498
5e7fbef8-6e6b-4b91-8ba9-95c58e3332ae	0	LC093162.1.1498
70ec74fa-f745-4e98-b245-43ff8605ddc0	0	LC093162.1.1498
ee910a6a-e6cf-4187-9f72-a24ae86b2b45	0	LC093162.1.1498
927b0bd8-8355-4ab9-a9b5-9f845b8e7f24	0	LC093162.1.1498
b45307c4-7eae-4238-afa3-414e266f81e2	0	HM836325.1.1351
3b20d9e1-61ce-4ccd-a27c-19dbdaccf10e	0	KY984245.1.1397
b654aa03-5c1c-41dc-bd71-15d6e8139857	0	KY984245.1.1397
1989894a-a309-41f8-a48f-b91a7ad53790	0	JF204126.1.1337
b8687e85-201b-4ac5-861d-bf7575d40f37	0	LC028576.1.1495
b93452f6-67ce-446c-8ac1-ca17b2e987b0	0	JF417964.1.1496
b700aa26-ef6f-4283-95e3-482672b37365	0	D86513.1.1465
f32098e6-7cad-413f-87c1-074448abb73b	0	JF429115.1.1451
17bf0031-ba24-45ba-b32b-1193a3613c28	0	JF429115.1.1451
7707ff94-f0af-46a9-9955-605e3f25632e	0	LC026898.1.1407
0a9f83ab-ac5d-4a33-ab6b-074c6667c365	0	JF429090.1.1497
0b03dbbe-1660-4a95-a7a2-65dd44938a42	0	LC093157.1.1494
5426725e-5ff9-4419-b0f5-19cd125e3069	0	LC093157.1.1494
cf53eb1c-fdd9-4044-af68-54ac5883fb5d	0	KY992776.1.1461
c591c493-f396-4e8b-98ab-f17dc01c9142	0	JF319163.1.1409
cf812ca0-67a1-4da1-8e11-17eca57905c7	0	JF417809.1.1466
56932ec4-96d1-485a-8dc4-3768f992a2cb	0	JF429091.1.1457
b60e06e6-5372-45f8-9cd8-07e8ded72936	0	JF429108.1.1507
1aa7b434-bc96-4d53-89cd-fa7106d93d11	0	LC028794.1.1546
e0973858-5f3a-4dbe-98fe-81236717a8be	0	LC028794.1.1546
b6e5c779-56d9-48e7-9e92-e855025fc643	0	LC028794.1.1546
8930d780-33fb-468b-ba5d-b9e4e6530bfc	0	KX753012.1.1476
ecdac757-d8b5-451f-975e-1b1648dab027	0	JWIR02000042.15390.16923
4b7d63a2-5dac-4981-9e43-72fdd4a3d1b7	0	LC093159.1.1501
59b970ba-7cf9-4fb1-b5f3-993b8806db6e	0	LC093159.1.1501
83c7b94c-d458-4a8a-a42d-d841dac3d620	0	JF429366.1.1496
6f125490-946e-4a89-aaa9-fbb95a9df0c7	0	JF428941.1.1481
b9d11e5c-df4c-477f-9608-976ddf8d9488	0	LQRA01000087.17.1554
80cebfc4-1f28-45b1-8ef3-0bde3e4d6ae7	0	FPLS01046158.1.1434
83d3d5c3-dbec-40ba-ba52-1cc9bda49d96	0	LELH02000010.361448.362989
24a54f6e-6dd6-464c-8866-dac278d6b9e4	0	FPLS01057716.12.1507
054733f3-5759-4dad-8494-3613a60e26c9	0	FPLS01004313.22.1536
169600a3-da1f-4f70-823d-857da5f1a211	0	AJQF01000204.5297.6765
cbf7c877-9c7e-4a79-a8aa-664be5798fa7	0	FPLP01010801.16.1496
72b3623a-b4b1-4303-950b-d3eec82d75db	0	FPLP01010801.16.1496
902942c9-bb2e-415f-801d-62fb24c9e41c	0	FNRO01000036.3762.5300
0bc3f6f7-7cbd-40aa-b6f5-92ab725fbaa5	0	FPLS01060983.10.1478
9c8d673c-05a6-4433-8147-16c1f8bca7f8	0	FPLS01002256.16.1545
cea28daf-732e-49d3-95bf-03f8c2eaf024	0	FPLS01002256.16.1545
c63998a3-3ef3-4c32-b12c-222e6653844e	0	FPLS01003718.15.1387
effd808c-dcb8-4c6e-bce4-88f6eefb3df4	0	FPLS01028760.1.1459
4e3e8e3c-1e24-4110-8993-6903244b0f07	0	KY992751.1.1448
60c044b8-25ec-43ce-9c62-f00702a9d761	0	FPLS01041349.10.1536
60ed41ba-fd4a-402b-a96f-db13256d242a	0	FPLS01022067.10.1475
c71c9f9d-e4e0-4095-958b-de10e7b15eb9	0	FPLS01057992.1.1238
76ac78fc-faf9-47a7-b45c-d1f00f0f9cdc	0	FCOD02000076.3683.5211
bdae8b44-2d5b-411d-a82e-55b874d9ee0a	0	FXWM01000001.6214670.6216223
ff56813b-96df-4011-80cf-eb0e80f99cd4	0	CVRB01000005.799.2336
b2f5ff2e-1d04-45ec-8217-4d890c7e9c06	0	FPLS01005308.12.1491
9acad074-c98f-4cdb-bd7a-48fa44cedb24	0	FPLS01036612.10.1469
57c3d3fa-16b6-4aec-9d2b-a2d6886f674a	0	FPLL01008194.16.1539
abb4f9ad-d395-4032-9df8-0d08c2a1c790	0	FJ545555.1.1553
bf9e2699-6056-4fa6-909a-c4a5f134c86e	0	AWZU01000001.116042.117510
c3a47426-a475-4820-a903-cd496f469b8c	0	AWZU01000001.116042.117510
0fcd2c01-6366-4a05-a011-612a58ae4024	0	AWZU01000001.116042.117510
92d62e68-735f-4033-b5cc-be498024433c	0	AWZU01000001.116042.117510
392a007f-e064-4557-ad76-804ff4201a4b	0	AWZU01000001.116042.117510
54071449-a7c2-483b-b9f4-d61550146f2e	0	MRTQ01000010.161252.162806
a0eca68a-b6ec-4f1b-8e39-5438f69bbde7	0	FPLS01048364.8.1503
ff3aae6e-e020-4a1f-a94d-7d95923cfbff	0	LUUB01000103.3979.5477
6231c1d9-6fe7-4424-a80c-2b63548908cc	0	AJUA01000055.79300.80766
10a3a721-5502-4921-9523-9621cb452272	0	JQNN01000001.5084326.5085834
6250e52d-5414-4a0b-9a51-e6d4c3ac36a3	0	JQNN01000001.5084326.5085834
1353f409-22e0-49fc-9b29-62f7d2c2e8df	0	FPLS01058893.7.1468
41bbfcee-052d-49c3-a95b-5e1f74e48ae5	0	KY992753.1.1472
a93c16e0-4cdf-4cb8-a1e8-ba5a3348b7ce	0	FPLS01020520.2.1366
edde5325-2e94-4eb0-b5e2-4bc2ec1a49c0	0	FPLS01042414.12.1449
8e450dba-9f12-426c-aed3-3efd84e0e7b3	0	FPLS01051710.11.1542
052518ff-3710-46ee-a1ed-e7728af78fe6	0	FPLP01007589.16.1415
4edd6563-02cb-479f-a238-e144cad849c8	0	FPLS01057577.12.1449
7fdedec3-79c9-446a-947a-308b295f5b8e	0	FPLP01005033.1.1519
18f38f35-806b-4377-9f83-65e3b898f0f7	0	BBFE01000097.1.1505
